,id,x1,x2,x3,x4,x5,x6,x7,x8,y1,y2
0,1,0.9800000190734863,514.5,294.0,110.25,7.0,2,0.0,0,15.550000190734863,21.329999923706055
0,2,0.9800000190734863,514.5,294.0,110.25,7.0,3,0.0,0,15.550000190734863,21.329999923706055
0,3,0.9800000190734863,514.5,294.0,110.25,7.0,4,0.0,0,15.550000190734863,21.329999923706055
0,4,0.9800000190734863,514.5,294.0,110.25,7.0,5,0.0,0,15.550000190734863,21.329999923706055
0,5,0.8999999761581421,563.5,318.5,122.5,7.0,2,0.0,0,20.84000015258789,28.280000686645508
0,6,0.8999999761581421,563.5,318.5,122.5,7.0,3,0.0,0,21.459999084472656,25.3799991607666
0,7,0.8999999761581421,563.5,318.5,122.5,7.0,4,0.0,0,20.709999084472656,25.15999984741211
0,8,0.8999999761581421,563.5,318.5,122.5,7.0,5,0.0,0,19.68000030517578,29.600000381469727
0,9,0.8600000143051147,588.0,294.0,147.0,7.0,2,0.0,0,19.5,27.299999237060547
0,10,0.8600000143051147,588.0,294.0,147.0,7.0,3,0.0,0,19.950000762939453,21.969999313354492
0,11,0.8600000143051147,588.0,294.0,147.0,7.0,4,0.0,0,19.34000015258789,23.489999771118164
0,12,0.8600000143051147,588.0,294.0,147.0,7.0,5,0.0,0,18.309999465942383,27.8700008392334
0,13,0.8199999928474426,612.5,318.5,147.0,7.0,2,0.0,0,17.049999237060547,23.770000457763672
0,14,0.8199999928474426,612.5,318.5,147.0,7.0,3,0.0,0,17.40999984741211,21.459999084472656
0,15,0.8199999928474426,612.5,318.5,147.0,7.0,4,0.0,0,16.950000762939453,21.15999984741211
0,16,0.8199999928474426,612.5,318.5,147.0,7.0,5,0.0,0,15.979999542236328,24.93000030517578
0,17,0.7900000214576721,637.0,343.0,147.0,7.0,2,0.0,0,28.520000457763672,37.72999954223633
0,18,0.7900000214576721,637.0,343.0,147.0,7.0,3,0.0,0,29.899999618530273,31.270000457763672
0,19,0.7900000214576721,637.0,343.0,147.0,7.0,4,0.0,0,29.6299991607666,30.93000030517578
0,20,0.7900000214576721,637.0,343.0,147.0,7.0,5,0.0,0,28.75,39.439998626708984
0,21,0.7599999904632568,661.5,416.5,122.5,7.0,2,0.0,0,24.770000457763672,29.790000915527344
0,22,0.7599999904632568,661.5,416.5,122.5,7.0,3,0.0,0,23.93000030517578,29.68000030517578
0,23,0.7599999904632568,661.5,416.5,122.5,7.0,4,0.0,0,24.770000457763672,29.790000915527344
0,24,0.7599999904632568,661.5,416.5,122.5,7.0,5,0.0,0,23.93000030517578,29.399999618530273
0,25,0.7400000095367432,686.0,245.0,220.5,3.5,2,0.0,0,6.070000171661377,10.899999618530273
0,26,0.7400000095367432,686.0,245.0,220.5,3.5,3,0.0,0,6.050000190734863,11.1899995803833
0,27,0.7400000095367432,686.0,245.0,220.5,3.5,4,0.0,0,6.010000228881836,10.9399995803833
0,28,0.7400000095367432,686.0,245.0,220.5,3.5,5,0.0,0,6.039999961853027,11.170000076293945
0,29,0.7099999785423279,710.5,269.5,220.5,3.5,2,0.0,0,6.369999885559082,11.270000457763672
0,30,0.7099999785423279,710.5,269.5,220.5,3.5,3,0.0,0,6.400000095367432,11.720000267028809
0,31,0.7099999785423279,710.5,269.5,220.5,3.5,4,0.0,0,6.369999885559082,11.289999961853027
0,32,0.7099999785423279,710.5,269.5,220.5,3.5,5,0.0,0,6.400000095367432,11.670000076293945
0,33,0.6899999976158142,735.0,294.0,220.5,3.5,2,0.0,0,6.849999904632568,11.739999771118164
0,34,0.6899999976158142,735.0,294.0,220.5,3.5,3,0.0,0,6.789999961853027,12.050000190734863
0,35,0.6899999976158142,735.0,294.0,220.5,3.5,4,0.0,0,6.769999980926514,11.729999542236328
0,36,0.6899999976158142,735.0,294.0,220.5,3.5,5,0.0,0,6.809999942779541,11.930000305175781
0,37,0.6600000262260437,759.5,318.5,220.5,3.5,2,0.0,0,7.179999828338623,12.399999618530273
0,38,0.6600000262260437,759.5,318.5,220.5,3.5,3,0.0,0,7.099999904632568,12.229999542236328
0,39,0.6600000262260437,759.5,318.5,220.5,3.5,4,0.0,0,7.099999904632568,12.399999618530273
0,40,0.6600000262260437,759.5,318.5,220.5,3.5,5,0.0,0,7.099999904632568,12.140000343322754
0,41,0.6399999856948853,784.0,343.0,220.5,3.5,2,0.0,0,10.850000381469727,16.780000686645508
0,42,0.6399999856948853,784.0,343.0,220.5,3.5,3,0.0,0,10.539999961853027,16.799999237060547
0,43,0.6399999856948853,784.0,343.0,220.5,3.5,4,0.0,0,10.770000457763672,16.75
0,44,0.6399999856948853,784.0,343.0,220.5,3.5,5,0.0,0,10.5600004196167,16.670000076293945
0,45,0.6200000047683716,808.5,367.5,220.5,3.5,2,0.0,0,8.600000381469727,12.069999694824219
0,46,0.6200000047683716,808.5,367.5,220.5,3.5,3,0.0,0,8.489999771118164,12.220000267028809
0,47,0.6200000047683716,808.5,367.5,220.5,3.5,4,0.0,0,8.449999809265137,12.079999923706055
0,48,0.6200000047683716,808.5,367.5,220.5,3.5,5,0.0,0,8.5,12.039999961853027
0,49,0.9800000190734863,514.5,294.0,110.25,7.0,2,0.10000000149011612,1,24.579999923706055,26.469999313354492
0,50,0.9800000190734863,514.5,294.0,110.25,7.0,3,0.10000000149011612,1,24.6299991607666,26.3700008392334
0,51,0.9800000190734863,514.5,294.0,110.25,7.0,4,0.10000000149011612,1,24.6299991607666,26.440000534057617
0,52,0.9800000190734863,514.5,294.0,110.25,7.0,5,0.10000000149011612,1,24.59000015258789,26.290000915527344
0,53,0.8999999761581421,563.5,318.5,122.5,7.0,2,0.10000000149011612,1,29.030000686645508,32.91999816894531
0,54,0.8999999761581421,563.5,318.5,122.5,7.0,3,0.10000000149011612,1,29.8700008392334,29.8700008392334
0,55,0.8999999761581421,563.5,318.5,122.5,7.0,4,0.10000000149011612,1,29.139999389648438,29.579999923706055
0,56,0.8999999761581421,563.5,318.5,122.5,7.0,5,0.10000000149011612,1,28.09000015258789,34.33000183105469
0,57,0.8600000143051147,588.0,294.0,147.0,7.0,2,0.10000000149011612,1,26.280000686645508,30.889999389648438
0,58,0.8600000143051147,588.0,294.0,147.0,7.0,3,0.10000000149011612,1,26.90999984741211,25.600000381469727
0,59,0.8600000143051147,588.0,294.0,147.0,7.0,4,0.10000000149011612,1,26.3700008392334,27.030000686645508
0,60,0.8600000143051147,588.0,294.0,147.0,7.0,5,0.10000000149011612,1,25.270000457763672,31.729999542236328
0,61,0.8199999928474426,612.5,318.5,147.0,7.0,2,0.10000000149011612,1,23.530000686645508,27.309999465942383
0,62,0.8199999928474426,612.5,318.5,147.0,7.0,3,0.10000000149011612,1,24.030000686645508,24.90999984741211
0,63,0.8199999928474426,612.5,318.5,147.0,7.0,4,0.10000000149011612,1,23.540000915527344,24.610000610351562
0,64,0.8199999928474426,612.5,318.5,147.0,7.0,5,0.10000000149011612,1,22.579999923706055,28.510000228881836
0,65,0.7900000214576721,637.0,343.0,147.0,7.0,2,0.10000000149011612,1,35.560001373291016,41.68000030517578
0,66,0.7900000214576721,637.0,343.0,147.0,7.0,3,0.10000000149011612,1,37.119998931884766,35.279998779296875
0,67,0.7900000214576721,637.0,343.0,147.0,7.0,4,0.10000000149011612,1,36.900001525878906,34.43000030517578
0,68,0.7900000214576721,637.0,343.0,147.0,7.0,5,0.10000000149011612,1,35.939998626708984,43.33000183105469
0,69,0.7599999904632568,661.5,416.5,122.5,7.0,2,0.10000000149011612,1,32.959999084472656,33.869998931884766
0,70,0.7599999904632568,661.5,416.5,122.5,7.0,3,0.10000000149011612,1,32.119998931884766,34.06999969482422
0,71,0.7599999904632568,661.5,416.5,122.5,7.0,4,0.10000000149011612,1,32.939998626708984,34.13999938964844
0,72,0.7599999904632568,661.5,416.5,122.5,7.0,5,0.10000000149011612,1,32.209999084472656,33.66999816894531
0,73,0.7400000095367432,686.0,245.0,220.5,3.5,2,0.10000000149011612,1,10.359999656677246,13.430000305175781
0,74,0.7400000095367432,686.0,245.0,220.5,3.5,3,0.10000000149011612,1,10.430000305175781,13.710000038146973
0,75,0.7400000095367432,686.0,245.0,220.5,3.5,4,0.10000000149011612,1,10.359999656677246,13.479999542236328
0,76,0.7400000095367432,686.0,245.0,220.5,3.5,5,0.10000000149011612,1,10.390000343322754,13.699999809265137
0,77,0.7099999785423279,710.5,269.5,220.5,3.5,2,0.10000000149011612,1,10.710000038146973,13.800000190734863
0,78,0.7099999785423279,710.5,269.5,220.5,3.5,3,0.10000000149011612,1,10.800000190734863,14.279999732971191
0,79,0.7099999785423279,710.5,269.5,220.5,3.5,4,0.10000000149011612,1,10.699999809265137,13.869999885559082
0,80,0.7099999785423279,710.5,269.5,220.5,3.5,5,0.10000000149011612,1,10.75,14.270000457763672
0,81,0.6899999976158142,735.0,294.0,220.5,3.5,2,0.10000000149011612,1,11.109999656677246,14.279999732971191
0,82,0.6899999976158142,735.0,294.0,220.5,3.5,3,0.10000000149011612,1,11.130000114440918,14.609999656677246
0,83,0.6899999976158142,735.0,294.0,220.5,3.5,4,0.10000000149011612,1,11.09000015258789,14.300000190734863
0,84,0.6899999976158142,735.0,294.0,220.5,3.5,5,0.10000000149011612,1,11.15999984741211,14.449999809265137
0,85,0.6600000262260437,759.5,318.5,220.5,3.5,2,0.10000000149011612,1,11.680000305175781,13.899999618530273
0,86,0.6600000262260437,759.5,318.5,220.5,3.5,3,0.10000000149011612,1,11.6899995803833,13.720000267028809
0,87,0.6600000262260437,759.5,318.5,220.5,3.5,4,0.10000000149011612,1,11.699999809265137,13.880000114440918
0,88,0.6600000262260437,759.5,318.5,220.5,3.5,5,0.10000000149011612,1,11.6899995803833,13.649999618530273
0,89,0.6399999856948853,784.0,343.0,220.5,3.5,2,0.10000000149011612,1,15.40999984741211,19.3700008392334
0,90,0.6399999856948853,784.0,343.0,220.5,3.5,3,0.10000000149011612,1,15.199999809265137,19.43000030517578
0,91,0.6399999856948853,784.0,343.0,220.5,3.5,4,0.10000000149011612,1,15.420000076293945,19.34000015258789
0,92,0.6399999856948853,784.0,343.0,220.5,3.5,5,0.10000000149011612,1,15.210000038146973,19.31999969482422
0,93,0.6200000047683716,808.5,367.5,220.5,3.5,2,0.10000000149011612,1,12.960000038146973,14.34000015258789
0,94,0.6200000047683716,808.5,367.5,220.5,3.5,3,0.10000000149011612,1,12.970000267028809,14.5
0,95,0.6200000047683716,808.5,367.5,220.5,3.5,4,0.10000000149011612,1,12.930000305175781,14.329999923706055
0,96,0.6200000047683716,808.5,367.5,220.5,3.5,5,0.10000000149011612,1,13.020000457763672,14.270000457763672
0,97,0.9800000190734863,514.5,294.0,110.25,7.0,2,0.10000000149011612,2,24.290000915527344,25.950000762939453
0,98,0.9800000190734863,514.5,294.0,110.25,7.0,3,0.10000000149011612,2,24.309999465942383,25.6299991607666
0,99,0.9800000190734863,514.5,294.0,110.25,7.0,4,0.10000000149011612,2,24.1299991607666,26.1299991607666
0,100,0.9800000190734863,514.5,294.0,110.25,7.0,5,0.10000000149011612,2,24.25,25.889999389648438
0,101,0.8999999761581421,563.5,318.5,122.5,7.0,2,0.10000000149011612,2,28.8799991607666,32.540000915527344
0,102,0.8999999761581421,563.5,318.5,122.5,7.0,3,0.10000000149011612,2,29.68000030517578,29.440000534057617
0,103,0.8999999761581421,563.5,318.5,122.5,7.0,4,0.10000000149011612,2,28.829999923706055,29.360000610351562
0,104,0.8999999761581421,563.5,318.5,122.5,7.0,5,0.10000000149011612,2,27.899999618530273,34.20000076293945
0,105,0.8600000143051147,588.0,294.0,147.0,7.0,2,0.10000000149011612,2,26.479999542236328,30.90999984741211
0,106,0.8600000143051147,588.0,294.0,147.0,7.0,3,0.10000000149011612,2,27.020000457763672,25.6299991607666
0,107,0.8600000143051147,588.0,294.0,147.0,7.0,4,0.10000000149011612,2,26.329999923706055,27.360000610351562
0,108,0.8600000143051147,588.0,294.0,147.0,7.0,5,0.10000000149011612,2,25.360000610351562,31.899999618530273
0,109,0.8199999928474426,612.5,318.5,147.0,7.0,2,0.10000000149011612,2,23.75,27.3799991607666
0,110,0.8199999928474426,612.5,318.5,147.0,7.0,3,0.10000000149011612,2,24.229999542236328,25.020000457763672
0,111,0.8199999928474426,612.5,318.5,147.0,7.0,4,0.10000000149011612,2,23.670000076293945,24.799999237060547
0,112,0.8199999928474426,612.5,318.5,147.0,7.0,5,0.10000000149011612,2,22.790000915527344,28.790000915527344
0,113,0.7900000214576721,637.0,343.0,147.0,7.0,2,0.10000000149011612,2,35.650001525878906,41.06999969482422
0,114,0.7900000214576721,637.0,343.0,147.0,7.0,3,0.10000000149011612,2,37.2599983215332,34.619998931884766
0,115,0.7900000214576721,637.0,343.0,147.0,7.0,4,0.10000000149011612,2,36.970001220703125,33.869998931884766
0,116,0.7900000214576721,637.0,343.0,147.0,7.0,5,0.10000000149011612,2,36.029998779296875,42.86000061035156
0,117,0.7599999904632568,661.5,416.5,122.5,7.0,2,0.10000000149011612,2,33.15999984741211,33.90999984741211
0,118,0.7599999904632568,661.5,416.5,122.5,7.0,3,0.10000000149011612,2,32.400001525878906,34.06999969482422
0,119,0.7599999904632568,661.5,416.5,122.5,7.0,4,0.10000000149011612,2,33.119998931884766,34.16999816894531
0,120,0.7599999904632568,661.5,416.5,122.5,7.0,5,0.10000000149011612,2,32.40999984741211,33.779998779296875
0,121,0.7400000095367432,686.0,245.0,220.5,3.5,2,0.10000000149011612,2,10.420000076293945,13.390000343322754
0,122,0.7400000095367432,686.0,245.0,220.5,3.5,3,0.10000000149011612,2,10.460000038146973,13.720000267028809
0,123,0.7400000095367432,686.0,245.0,220.5,3.5,4,0.10000000149011612,2,10.319999694824219,13.569999694824219
0,124,0.7400000095367432,686.0,245.0,220.5,3.5,5,0.10000000149011612,2,10.449999809265137,13.789999961853027
0,125,0.7099999785423279,710.5,269.5,220.5,3.5,2,0.10000000149011612,2,10.640000343322754,13.670000076293945
0,126,0.7099999785423279,710.5,269.5,220.5,3.5,3,0.10000000149011612,2,10.720000267028809,14.109999656677246
0,127,0.7099999785423279,710.5,269.5,220.5,3.5,4,0.10000000149011612,2,10.550000190734863,13.800000190734863
0,128,0.7099999785423279,710.5,269.5,220.5,3.5,5,0.10000000149011612,2,10.680000305175781,14.210000038146973
0,129,0.6899999976158142,735.0,294.0,220.5,3.5,2,0.10000000149011612,2,11.449999809265137,13.199999809265137
0,130,0.6899999976158142,735.0,294.0,220.5,3.5,3,0.10000000149011612,2,11.460000038146973,13.539999961853027
0,131,0.6899999976158142,735.0,294.0,220.5,3.5,4,0.10000000149011612,2,11.319999694824219,13.319999694824219
0,132,0.6899999976158142,735.0,294.0,220.5,3.5,5,0.10000000149011612,2,11.489999771118164,13.510000228881836
0,133,0.6600000262260437,759.5,318.5,220.5,3.5,2,0.10000000149011612,2,11.449999809265137,14.859999656677246
0,134,0.6600000262260437,759.5,318.5,220.5,3.5,3,0.10000000149011612,2,11.420000076293945,14.75
0,135,0.6600000262260437,759.5,318.5,220.5,3.5,4,0.10000000149011612,2,11.329999923706055,15.0
0,136,0.6600000262260437,759.5,318.5,220.5,3.5,5,0.10000000149011612,2,11.430000305175781,14.739999771118164
0,137,0.6399999856948853,784.0,343.0,220.5,3.5,2,0.10000000149011612,2,15.40999984741211,19.229999542236328
0,138,0.6399999856948853,784.0,343.0,220.5,3.5,3,0.10000000149011612,2,15.180000305175781,19.34000015258789
0,139,0.6399999856948853,784.0,343.0,220.5,3.5,4,0.10000000149011612,2,15.34000015258789,19.31999969482422
0,140,0.6399999856948853,784.0,343.0,220.5,3.5,5,0.10000000149011612,2,15.1899995803833,19.299999237060547
0,141,0.6200000047683716,808.5,367.5,220.5,3.5,2,0.10000000149011612,2,12.880000114440918,14.369999885559082
0,142,0.6200000047683716,808.5,367.5,220.5,3.5,3,0.10000000149011612,2,13.0,14.569999694824219
0,143,0.6200000047683716,808.5,367.5,220.5,3.5,4,0.10000000149011612,2,12.970000267028809,14.270000457763672
0,144,0.6200000047683716,808.5,367.5,220.5,3.5,5,0.10000000149011612,2,13.039999961853027,14.239999771118164
0,145,0.9800000190734863,514.5,294.0,110.25,7.0,2,0.10000000149011612,3,24.280000686645508,25.68000030517578
0,146,0.9800000190734863,514.5,294.0,110.25,7.0,3,0.10000000149011612,3,24.399999618530273,26.020000457763672
0,147,0.9800000190734863,514.5,294.0,110.25,7.0,4,0.10000000149011612,3,24.110000610351562,25.84000015258789
0,148,0.9800000190734863,514.5,294.0,110.25,7.0,5,0.10000000149011612,3,24.350000381469727,26.139999389648438
0,149,0.8999999761581421,563.5,318.5,122.5,7.0,2,0.10000000149011612,3,28.06999969482422,34.13999938964844
0,150,0.8999999761581421,563.5,318.5,122.5,7.0,3,0.10000000149011612,3,29.010000228881836,32.849998474121094
0,151,0.8999999761581421,563.5,318.5,122.5,7.0,4,0.10000000149011612,3,29.6200008392334,30.079999923706055
0,152,0.8999999761581421,563.5,318.5,122.5,7.0,5,0.10000000149011612,3,29.049999237060547,29.670000076293945
0,153,0.8600000143051147,588.0,294.0,147.0,7.0,2,0.10000000149011612,3,25.40999984741211,31.729999542236328
0,154,0.8600000143051147,588.0,294.0,147.0,7.0,3,0.10000000149011612,3,26.469999313354492,31.010000228881836
0,155,0.8600000143051147,588.0,294.0,147.0,7.0,4,0.10000000149011612,3,26.889999389648438,25.899999618530273
0,156,0.8600000143051147,588.0,294.0,147.0,7.0,5,0.10000000149011612,3,26.459999084472656,27.399999618530273
0,157,0.8199999928474426,612.5,318.5,147.0,7.0,2,0.10000000149011612,3,22.93000030517578,28.68000030517578
0,158,0.8199999928474426,612.5,318.5,147.0,7.0,3,0.10000000149011612,3,23.84000015258789,27.540000915527344
0,159,0.8199999928474426,612.5,318.5,147.0,7.0,4,0.10000000149011612,3,24.170000076293945,25.350000381469727
0,160,0.8199999928474426,612.5,318.5,147.0,7.0,5,0.10000000149011612,3,23.8700008392334,24.93000030517578
0,161,0.7900000214576721,637.0,343.0,147.0,7.0,2,0.10000000149011612,3,35.779998779296875,43.119998931884766
0,162,0.7900000214576721,637.0,343.0,147.0,7.0,3,0.10000000149011612,3,35.47999954223633,41.220001220703125
0,163,0.7900000214576721,637.0,343.0,147.0,7.0,4,0.10000000149011612,3,36.970001220703125,35.099998474121094
0,164,0.7900000214576721,637.0,343.0,147.0,7.0,5,0.10000000149011612,3,36.70000076293945,34.290000915527344
0,165,0.7599999904632568,661.5,416.5,122.5,7.0,2,0.10000000149011612,3,32.52000045776367,33.849998474121094
0,166,0.7599999904632568,661.5,416.5,122.5,7.0,3,0.10000000149011612,3,33.279998779296875,34.11000061035156
0,167,0.7599999904632568,661.5,416.5,122.5,7.0,4,0.10000000149011612,3,32.33000183105469,34.47999954223633
0,168,0.7599999904632568,661.5,416.5,122.5,7.0,5,0.10000000149011612,3,33.2400016784668,34.5
0,169,0.7400000095367432,686.0,245.0,220.5,3.5,2,0.10000000149011612,3,10.390000343322754,13.600000381469727
0,170,0.7400000095367432,686.0,245.0,220.5,3.5,3,0.10000000149011612,3,10.34000015258789,13.359999656677246
0,171,0.7400000095367432,686.0,245.0,220.5,3.5,4,0.10000000149011612,3,10.350000381469727,13.649999618530273
0,172,0.7400000095367432,686.0,245.0,220.5,3.5,5,0.10000000149011612,3,10.380000114440918,13.489999771118164
0,173,0.7099999785423279,710.5,269.5,220.5,3.5,2,0.10000000149011612,3,10.770000457763672,14.140000343322754
0,174,0.7099999785423279,710.5,269.5,220.5,3.5,3,0.10000000149011612,3,10.680000305175781,13.770000457763672
0,175,0.7099999785423279,710.5,269.5,220.5,3.5,4,0.10000000149011612,3,10.680000305175781,14.300000190734863
0,176,0.7099999785423279,710.5,269.5,220.5,3.5,5,0.10000000149011612,3,10.699999809265137,13.869999885559082
0,177,0.6899999976158142,735.0,294.0,220.5,3.5,2,0.10000000149011612,3,11.220000267028809,14.4399995803833
0,178,0.6899999976158142,735.0,294.0,220.5,3.5,3,0.10000000149011612,3,11.15999984741211,14.270000457763672
0,179,0.6899999976158142,735.0,294.0,220.5,3.5,4,0.10000000149011612,3,11.100000381469727,14.670000076293945
0,180,0.6899999976158142,735.0,294.0,220.5,3.5,5,0.10000000149011612,3,11.140000343322754,14.399999618530273
0,181,0.6600000262260437,759.5,318.5,220.5,3.5,2,0.10000000149011612,3,11.59000015258789,13.460000038146973
0,182,0.6600000262260437,759.5,318.5,220.5,3.5,3,0.10000000149011612,3,11.600000381469727,13.699999809265137
0,183,0.6600000262260437,759.5,318.5,220.5,3.5,4,0.10000000149011612,3,11.529999732971191,13.59000015258789
0,184,0.6600000262260437,759.5,318.5,220.5,3.5,5,0.10000000149011612,3,11.609999656677246,13.829999923706055
0,185,0.6399999856948853,784.0,343.0,220.5,3.5,2,0.10000000149011612,3,15.15999984741211,19.139999389648438
0,186,0.6399999856948853,784.0,343.0,220.5,3.5,3,0.10000000149011612,3,15.359999656677246,19.18000030517578
0,187,0.6399999856948853,784.0,343.0,220.5,3.5,4,0.10000000149011612,3,15.119999885559082,19.3700008392334
0,188,0.6399999856948853,784.0,343.0,220.5,3.5,5,0.10000000149011612,3,15.359999656677246,19.290000915527344
0,189,0.6200000047683716,808.5,367.5,220.5,3.5,2,0.10000000149011612,3,12.680000305175781,14.09000015258789
0,190,0.6200000047683716,808.5,367.5,220.5,3.5,3,0.10000000149011612,3,12.630000114440918,14.229999542236328
0,191,0.6200000047683716,808.5,367.5,220.5,3.5,4,0.10000000149011612,3,12.710000038146973,14.140000343322754
0,192,0.6200000047683716,808.5,367.5,220.5,3.5,5,0.10000000149011612,3,12.729999542236328,13.890000343322754
0,193,0.9800000190734863,514.5,294.0,110.25,7.0,2,0.10000000149011612,4,24.3799991607666,25.90999984741211
0,194,0.9800000190734863,514.5,294.0,110.25,7.0,3,0.10000000149011612,4,24.229999542236328,25.719999313354492
0,195,0.9800000190734863,514.5,294.0,110.25,7.0,4,0.10000000149011612,4,24.040000915527344,26.18000030517578
0,196,0.9800000190734863,514.5,294.0,110.25,7.0,5,0.10000000149011612,4,24.31999969482422,25.8700008392334
0,197,0.8999999761581421,563.5,318.5,122.5,7.0,2,0.10000000149011612,4,29.059999465942383,29.34000015258789
0,198,0.8999999761581421,563.5,318.5,122.5,7.0,3,0.10000000149011612,4,28.049999237060547,33.90999984741211
0,199,0.8999999761581421,563.5,318.5,122.5,7.0,4,0.10000000149011612,4,28.860000610351562,32.83000183105469
0,200,0.8999999761581421,563.5,318.5,122.5,7.0,5,0.10000000149011612,4,29.790000915527344,29.920000076293945
0,201,0.8600000143051147,588.0,294.0,147.0,7.0,2,0.10000000149011612,4,26.440000534057617,27.170000076293945
0,202,0.8600000143051147,588.0,294.0,147.0,7.0,3,0.10000000149011612,4,25.3700008392334,31.760000228881836
0,203,0.8600000143051147,588.0,294.0,147.0,7.0,4,0.10000000149011612,4,26.329999923706055,31.059999465942383
0,204,0.8600000143051147,588.0,294.0,147.0,7.0,5,0.10000000149011612,4,27.030000686645508,25.809999465942383
0,205,0.8199999928474426,612.5,318.5,147.0,7.0,2,0.10000000149011612,4,23.799999237060547,24.610000610351562
0,206,0.8199999928474426,612.5,318.5,147.0,7.0,3,0.10000000149011612,4,22.799999237060547,28.610000610351562
0,207,0.8199999928474426,612.5,318.5,147.0,7.0,4,0.10000000149011612,4,23.59000015258789,27.56999969482422
0,208,0.8199999928474426,612.5,318.5,147.0,7.0,5,0.10000000149011612,4,24.239999771118164,25.15999984741211
0,209,0.7900000214576721,637.0,343.0,147.0,7.0,2,0.10000000149011612,4,36.86000061035156,34.25
0,210,0.7900000214576721,637.0,343.0,147.0,7.0,3,0.10000000149011612,4,35.88999938964844,43.29999923706055
0,211,0.7900000214576721,637.0,343.0,147.0,7.0,4,0.10000000149011612,4,35.45000076293945,41.86000061035156
0,212,0.7900000214576721,637.0,343.0,147.0,7.0,5,0.10000000149011612,4,37.099998474121094,35.290000915527344
0,213,0.7599999904632568,661.5,416.5,122.5,7.0,2,0.10000000149011612,4,33.08000183105469,34.11000061035156
0,214,0.7599999904632568,661.5,416.5,122.5,7.0,3,0.10000000149011612,4,32.380001068115234,33.619998931884766
0,215,0.7599999904632568,661.5,416.5,122.5,7.0,4,0.10000000149011612,4,33.09000015258789,33.88999938964844
0,216,0.7599999904632568,661.5,416.5,122.5,7.0,5,0.10000000149011612,4,32.310001373291016,34.04999923706055
0,217,0.7400000095367432,686.0,245.0,220.5,3.5,2,0.10000000149011612,4,10.079999923706055,13.199999809265137
0,218,0.7400000095367432,686.0,245.0,220.5,3.5,3,0.10000000149011612,4,10.149999618530273,13.359999656677246
0,219,0.7400000095367432,686.0,245.0,220.5,3.5,4,0.10000000149011612,4,10.069999694824219,13.210000038146973
0,220,0.7400000095367432,686.0,245.0,220.5,3.5,5,0.10000000149011612,4,10.140000343322754,13.529999732971191
0,221,0.7099999785423279,710.5,269.5,220.5,3.5,2,0.10000000149011612,4,10.65999984741211,13.670000076293945
0,222,0.7099999785423279,710.5,269.5,220.5,3.5,3,0.10000000149011612,4,10.680000305175781,14.119999885559082
0,223,0.7099999785423279,710.5,269.5,220.5,3.5,4,0.10000000149011612,4,10.529999732971191,13.789999961853027
0,224,0.7099999785423279,710.5,269.5,220.5,3.5,5,0.10000000149011612,4,10.720000267028809,14.199999809265137
0,225,0.6899999976158142,735.0,294.0,220.5,3.5,2,0.10000000149011612,4,11.180000305175781,14.289999961853027
0,226,0.6899999976158142,735.0,294.0,220.5,3.5,3,0.10000000149011612,4,11.220000267028809,14.489999771118164
0,227,0.6899999976158142,735.0,294.0,220.5,3.5,4,0.10000000149011612,4,11.069999694824219,14.420000076293945
0,228,0.6899999976158142,735.0,294.0,220.5,3.5,5,0.10000000149011612,4,11.199999809265137,14.729999542236328
0,229,0.6600000262260437,759.5,318.5,220.5,3.5,2,0.10000000149011612,4,11.4399995803833,14.859999656677246
0,230,0.6600000262260437,759.5,318.5,220.5,3.5,3,0.10000000149011612,4,11.420000076293945,14.670000076293945
0,231,0.6600000262260437,759.5,318.5,220.5,3.5,4,0.10000000149011612,4,11.329999923706055,15.0
0,232,0.6600000262260437,759.5,318.5,220.5,3.5,5,0.10000000149011612,4,11.430000305175781,14.829999923706055
0,233,0.6399999856948853,784.0,343.0,220.5,3.5,2,0.10000000149011612,4,15.399999618530273,19.239999771118164
0,234,0.6399999856948853,784.0,343.0,220.5,3.5,3,0.10000000149011612,4,15.1899995803833,19.25
0,235,0.6399999856948853,784.0,343.0,220.5,3.5,4,0.10000000149011612,4,15.319999694824219,19.420000076293945
0,236,0.6399999856948853,784.0,343.0,220.5,3.5,5,0.10000000149011612,4,15.15999984741211,19.479999542236328
0,237,0.6200000047683716,808.5,367.5,220.5,3.5,2,0.10000000149011612,4,12.850000381469727,14.369999885559082
0,238,0.6200000047683716,808.5,367.5,220.5,3.5,3,0.10000000149011612,4,13.039999961853027,14.34000015258789
0,239,0.6200000047683716,808.5,367.5,220.5,3.5,4,0.10000000149011612,4,13.0,14.279999732971191
0,240,0.6200000047683716,808.5,367.5,220.5,3.5,5,0.10000000149011612,4,13.0,14.470000267028809
0,241,0.9800000190734863,514.5,294.0,110.25,7.0,2,0.10000000149011612,5,24.350000381469727,25.639999389648438
0,242,0.9800000190734863,514.5,294.0,110.25,7.0,3,0.10000000149011612,5,24.329999923706055,25.979999542236328
0,243,0.9800000190734863,514.5,294.0,110.25,7.0,4,0.10000000149011612,5,24.030000686645508,25.8799991607666
0,244,0.9800000190734863,514.5,294.0,110.25,7.0,5,0.10000000149011612,5,24.260000228881836,26.18000030517578
0,245,0.8999999761581421,563.5,318.5,122.5,7.0,2,0.10000000149011612,5,29.829999923706055,29.81999969482422
0,246,0.8999999761581421,563.5,318.5,122.5,7.0,3,0.10000000149011612,5,29.079999923706055,29.520000457763672
0,247,0.8999999761581421,563.5,318.5,122.5,7.0,4,0.10000000149011612,5,28.030000686645508,34.45000076293945
0,248,0.8999999761581421,563.5,318.5,122.5,7.0,5,0.10000000149011612,5,29.020000457763672,33.0099983215332
0,249,0.8600000143051147,588.0,294.0,147.0,7.0,2,0.10000000149011612,5,27.030000686645508,25.81999969482422
0,250,0.8600000143051147,588.0,294.0,147.0,7.0,3,0.10000000149011612,5,26.450000762939453,27.329999923706055
0,251,0.8600000143051147,588.0,294.0,147.0,7.0,4,0.10000000149011612,5,25.360000610351562,32.040000915527344
0,252,0.8600000143051147,588.0,294.0,147.0,7.0,5,0.10000000149011612,5,26.450000762939453,31.280000686645508
0,253,0.8199999928474426,612.5,318.5,147.0,7.0,2,0.10000000149011612,5,24.3700008392334,25.110000610351562
0,254,0.8199999928474426,612.5,318.5,147.0,7.0,3,0.10000000149011612,5,23.889999389648438,24.770000457763672
0,255,0.8199999928474426,612.5,318.5,147.0,7.0,4,0.10000000149011612,5,22.889999389648438,28.8799991607666
0,256,0.8199999928474426,612.5,318.5,147.0,7.0,5,0.10000000149011612,5,23.860000610351562,27.690000534057617
0,257,0.7900000214576721,637.0,343.0,147.0,7.0,2,0.10000000149011612,5,37.029998779296875,34.9900016784668
0,258,0.7900000214576721,637.0,343.0,147.0,7.0,3,0.10000000149011612,5,36.709999084472656,34.18000030517578
0,259,0.7900000214576721,637.0,343.0,147.0,7.0,4,0.10000000149011612,5,36.77000045776367,43.13999938964844
0,260,0.7900000214576721,637.0,343.0,147.0,7.0,5,0.10000000149011612,5,35.47999954223633,41.2599983215332
0,261,0.7599999904632568,661.5,416.5,122.5,7.0,2,0.10000000149011612,5,32.310001373291016,34.25
0,262,0.7599999904632568,661.5,416.5,122.5,7.0,3,0.10000000149011612,5,33.209999084472656,34.349998474121094
0,263,0.7599999904632568,661.5,416.5,122.5,7.0,4,0.10000000149011612,5,32.459999084472656,33.63999938964844
0,264,0.7599999904632568,661.5,416.5,122.5,7.0,5,0.10000000149011612,5,33.27000045776367,33.880001068115234
0,265,0.7400000095367432,686.0,245.0,220.5,3.5,2,0.10000000149011612,5,10.470000267028809,13.649999618530273
0,266,0.7400000095367432,686.0,245.0,220.5,3.5,3,0.10000000149011612,5,10.369999885559082,13.4399995803833
0,267,0.7400000095367432,686.0,245.0,220.5,3.5,4,0.10000000149011612,5,10.34000015258789,13.720000267028809
0,268,0.7400000095367432,686.0,245.0,220.5,3.5,5,0.10000000149011612,5,10.390000343322754,13.5
0,269,0.7099999785423279,710.5,269.5,220.5,3.5,2,0.10000000149011612,5,10.779999732971191,14.180000305175781
0,270,0.7099999785423279,710.5,269.5,220.5,3.5,3,0.10000000149011612,5,10.699999809265137,13.75
0,271,0.7099999785423279,710.5,269.5,220.5,3.5,4,0.10000000149011612,5,10.670000076293945,14.260000228881836
0,272,0.7099999785423279,710.5,269.5,220.5,3.5,5,0.10000000149011612,5,13.6899995803833,13.890000343322754
0,273,0.6899999976158142,735.0,294.0,220.5,3.5,2,0.10000000149011612,5,11.210000038146973,14.550000190734863
0,274,0.6899999976158142,735.0,294.0,220.5,3.5,3,0.10000000149011612,5,11.140000343322754,14.279999732971191
0,275,0.6899999976158142,735.0,294.0,220.5,3.5,4,0.10000000149011612,5,11.109999656677246,14.460000038146973
0,276,0.6899999976158142,735.0,294.0,220.5,3.5,5,0.10000000149011612,5,11.15999984741211,14.390000343322754
0,277,0.6600000262260437,759.5,318.5,220.5,3.5,2,0.10000000149011612,5,11.380000114440918,14.539999961853027
0,278,0.6600000262260437,759.5,318.5,220.5,3.5,3,0.10000000149011612,5,11.34000015258789,14.8100004196167
0,279,0.6600000262260437,759.5,318.5,220.5,3.5,4,0.10000000149011612,5,11.220000267028809,14.649999618530273
0,280,0.6600000262260437,759.5,318.5,220.5,3.5,5,0.10000000149011612,5,11.34000015258789,14.869999885559082
0,281,0.6399999856948853,784.0,343.0,220.5,3.5,2,0.10000000149011612,5,15.15999984741211,19.239999771118164
0,282,0.6399999856948853,784.0,343.0,220.5,3.5,3,0.10000000149011612,5,15.369999885559082,19.18000030517578
0,283,0.6399999856948853,784.0,343.0,220.5,3.5,4,0.10000000149011612,5,15.119999885559082,19.260000228881836
0,284,0.6399999856948853,784.0,343.0,220.5,3.5,5,0.10000000149011612,5,15.359999656677246,19.290000915527344
0,285,0.6200000047683716,808.5,367.5,220.5,3.5,2,0.10000000149011612,5,12.59000015258789,14.239999771118164
0,286,0.6200000047683716,808.5,367.5,220.5,3.5,3,0.10000000149011612,5,12.739999771118164,13.970000267028809
0,287,0.6200000047683716,808.5,367.5,220.5,3.5,4,0.10000000149011612,5,12.800000190734863,13.989999771118164
0,288,0.6200000047683716,808.5,367.5,220.5,3.5,5,0.10000000149011612,5,12.619999885559082,14.149999618530273
0,289,0.9800000190734863,514.5,294.0,110.25,7.0,2,0.25,1,28.149999618530273,29.790000915527344
0,290,0.9800000190734863,514.5,294.0,110.25,7.0,3,0.25,1,28.149999618530273,29.790000915527344
0,291,0.9800000190734863,514.5,294.0,110.25,7.0,4,0.25,1,28.3700008392334,29.280000686645508
0,292,0.9800000190734863,514.5,294.0,110.25,7.0,5,0.25,1,28.40999984741211,29.489999771118164
0,293,0.8999999761581421,563.5,318.5,122.5,7.0,2,0.25,1,32.68000030517578,36.119998931884766
0,294,0.8999999761581421,563.5,318.5,122.5,7.0,3,0.25,1,33.47999954223633,33.16999816894531
0,295,0.8999999761581421,563.5,318.5,122.5,7.0,4,0.25,1,32.84000015258789,32.709999084472656
0,296,0.8999999761581421,563.5,318.5,122.5,7.0,5,0.25,1,32.0,37.58000183105469
0,297,0.8600000143051147,588.0,294.0,147.0,7.0,2,0.25,1,29.540000915527344,33.97999954223633
0,298,0.8600000143051147,588.0,294.0,147.0,7.0,3,0.25,1,30.049999237060547,28.610000610351562
0,299,0.8600000143051147,588.0,294.0,147.0,7.0,4,0.25,1,29.600000381469727,30.1200008392334
0,300,0.8600000143051147,588.0,294.0,147.0,7.0,5,0.25,1,28.65999984741211,34.72999954223633
0,301,0.8199999928474426,612.5,318.5,147.0,7.0,2,0.25,1,26.84000015258789,30.170000076293945
0,302,0.8199999928474426,612.5,318.5,147.0,7.0,3,0.25,1,27.270000457763672,27.84000015258789
0,303,0.8199999928474426,612.5,318.5,147.0,7.0,4,0.25,1,26.969999313354492,27.25
0,304,0.8199999928474426,612.5,318.5,147.0,7.0,5,0.25,1,26.190000534057617,31.389999389648438
0,305,0.7900000214576721,637.0,343.0,147.0,7.0,2,0.25,1,38.66999816894531,43.79999923706055
0,306,0.7900000214576721,637.0,343.0,147.0,7.0,3,0.25,1,40.029998779296875,37.810001373291016
0,307,0.7900000214576721,637.0,343.0,147.0,7.0,4,0.25,1,39.86000061035156,36.849998474121094
0,308,0.7900000214576721,637.0,343.0,147.0,7.0,5,0.25,1,39.040000915527344,45.52000045776367
0,309,0.7599999904632568,661.5,416.5,122.5,7.0,2,0.25,1,36.959999084472656,36.849998474121094
0,310,0.7599999904632568,661.5,416.5,122.5,7.0,3,0.25,1,36.130001068115234,37.58000183105469
0,311,0.7599999904632568,661.5,416.5,122.5,7.0,4,0.25,1,36.90999984741211,37.45000076293945
0,312,0.7599999904632568,661.5,416.5,122.5,7.0,5,0.25,1,36.43000030517578,36.619998931884766
0,313,0.7400000095367432,686.0,245.0,220.5,3.5,2,0.25,1,12.430000305175781,15.1899995803833
0,314,0.7400000095367432,686.0,245.0,220.5,3.5,3,0.25,1,12.5,15.5
0,315,0.7400000095367432,686.0,245.0,220.5,3.5,4,0.25,1,12.40999984741211,15.279999732971191
0,316,0.7400000095367432,686.0,245.0,220.5,3.5,5,0.25,1,12.449999809265137,15.5
0,317,0.7099999785423279,710.5,269.5,220.5,3.5,2,0.25,1,12.569999694824219,15.420000076293945
0,318,0.7099999785423279,710.5,269.5,220.5,3.5,3,0.25,1,12.649999618530273,15.850000381469727
0,319,0.7099999785423279,710.5,269.5,220.5,3.5,4,0.25,1,12.569999694824219,15.4399995803833
0,320,0.7099999785423279,710.5,269.5,220.5,3.5,5,0.25,1,12.630000114440918,15.8100004196167
0,321,0.6899999976158142,735.0,294.0,220.5,3.5,2,0.25,1,12.779999732971191,15.210000038146973
0,322,0.6899999976158142,735.0,294.0,220.5,3.5,3,0.25,1,12.930000305175781,15.630000114440918
0,323,0.6899999976158142,735.0,294.0,220.5,3.5,4,0.25,1,12.729999542236328,15.479999542236328
0,324,0.6899999976158142,735.0,294.0,220.5,3.5,5,0.25,1,12.720000267028809,15.779999732971191
0,325,0.6600000262260437,759.5,318.5,220.5,3.5,2,0.25,1,13.170000076293945,16.389999389648438
0,326,0.6600000262260437,759.5,318.5,220.5,3.5,3,0.25,1,13.180000305175781,16.270000457763672
0,327,0.6600000262260437,759.5,318.5,220.5,3.5,4,0.25,1,13.170000076293945,16.389999389648438
0,328,0.6600000262260437,759.5,318.5,220.5,3.5,5,0.25,1,13.180000305175781,16.190000534057617
0,329,0.6399999856948853,784.0,343.0,220.5,3.5,2,0.25,1,17.5,21.1299991607666
0,330,0.6399999856948853,784.0,343.0,220.5,3.5,3,0.25,1,17.350000381469727,21.190000534057617
0,331,0.6399999856948853,784.0,343.0,220.5,3.5,4,0.25,1,17.520000457763672,21.09000015258789
0,332,0.6399999856948853,784.0,343.0,220.5,3.5,5,0.25,1,17.3700008392334,21.079999923706055
0,333,0.6200000047683716,808.5,367.5,220.5,3.5,2,0.25,1,15.09000015258789,15.770000457763672
0,334,0.6200000047683716,808.5,367.5,220.5,3.5,3,0.25,1,15.119999885559082,15.949999809265137
0,335,0.6200000047683716,808.5,367.5,220.5,3.5,4,0.25,1,15.079999923706055,15.770000457763672
0,336,0.6200000047683716,808.5,367.5,220.5,3.5,5,0.25,1,15.15999984741211,15.760000228881836
0,337,0.9800000190734863,514.5,294.0,110.25,7.0,2,0.25,2,28.670000076293945,29.6200008392334
0,338,0.9800000190734863,514.5,294.0,110.25,7.0,3,0.25,2,28.56999969482422,29.690000534057617
0,339,0.9800000190734863,514.5,294.0,110.25,7.0,4,0.25,2,28.18000030517578,30.18000030517578
0,340,0.9800000190734863,514.5,294.0,110.25,7.0,5,0.25,2,28.600000381469727,30.020000457763672
0,341,0.8999999761581421,563.5,318.5,122.5,7.0,2,0.25,2,32.459999084472656,35.560001373291016
0,342,0.8999999761581421,563.5,318.5,122.5,7.0,3,0.25,2,33.27000045776367,32.63999938964844
0,343,0.8999999761581421,563.5,318.5,122.5,7.0,4,0.25,2,32.33000183105469,32.77000045776367
0,344,0.8999999761581421,563.5,318.5,122.5,7.0,5,0.25,2,31.65999984741211,37.720001220703125
0,345,0.8600000143051147,588.0,294.0,147.0,7.0,2,0.25,2,29.34000015258789,33.369998931884766
0,346,0.8600000143051147,588.0,294.0,147.0,7.0,3,0.25,2,29.8700008392334,27.889999389648438
0,347,0.8600000143051147,588.0,294.0,147.0,7.0,4,0.25,2,29.270000457763672,29.899999618530273
0,348,0.8600000143051147,588.0,294.0,147.0,7.0,5,0.25,2,28.399999618530273,34.52000045776367
0,349,0.8199999928474426,612.5,318.5,147.0,7.0,2,0.25,2,25.739999771118164,28.270000457763672
0,350,0.8199999928474426,612.5,318.5,147.0,7.0,3,0.25,2,25.979999542236328,26.959999084472656
0,351,0.8199999928474426,612.5,318.5,147.0,7.0,4,0.25,2,25.3799991607666,26.719999313354492
0,352,0.8199999928474426,612.5,318.5,147.0,7.0,5,0.25,2,24.940000534057617,29.8799991607666
0,353,0.7900000214576721,637.0,343.0,147.0,7.0,2,0.25,2,38.56999969482422,43.86000061035156
0,354,0.7900000214576721,637.0,343.0,147.0,7.0,3,0.25,2,40.189998626708984,37.40999984741211
0,355,0.7900000214576721,637.0,343.0,147.0,7.0,4,0.25,2,39.970001220703125,36.77000045776367
0,356,0.7900000214576721,637.0,343.0,147.0,7.0,5,0.25,2,38.97999954223633,45.970001220703125
0,357,0.7599999904632568,661.5,416.5,122.5,7.0,2,0.25,2,36.95000076293945,36.869998931884766
0,358,0.7599999904632568,661.5,416.5,122.5,7.0,3,0.25,2,36.279998779296875,37.349998474121094
0,359,0.7599999904632568,661.5,416.5,122.5,7.0,4,0.25,2,36.86000061035156,37.279998779296875
0,360,0.7599999904632568,661.5,416.5,122.5,7.0,5,0.25,2,36.45000076293945,36.810001373291016
0,361,0.7400000095367432,686.0,245.0,220.5,3.5,2,0.25,2,12.350000381469727,14.729999542236328
0,362,0.7400000095367432,686.0,245.0,220.5,3.5,3,0.25,2,12.449999809265137,15.100000381469727
0,363,0.7400000095367432,686.0,245.0,220.5,3.5,4,0.25,2,12.15999984741211,15.180000305175781
0,364,0.7400000095367432,686.0,245.0,220.5,3.5,5,0.25,2,12.300000190734863,15.4399995803833
0,365,0.7099999785423279,710.5,269.5,220.5,3.5,2,0.25,2,12.329999923706055,14.90999984741211
0,366,0.7099999785423279,710.5,269.5,220.5,3.5,3,0.25,2,12.289999961853027,15.399999618530273
0,367,0.7099999785423279,710.5,269.5,220.5,3.5,4,0.25,2,12.199999809265137,14.9399995803833
0,368,0.7099999785423279,710.5,269.5,220.5,3.5,5,0.25,2,12.489999771118164,15.319999694824219
0,369,0.6899999976158142,735.0,294.0,220.5,3.5,2,0.25,2,12.850000381469727,15.520000457763672
0,370,0.6899999976158142,735.0,294.0,220.5,3.5,3,0.25,2,12.869999885559082,15.850000381469727
0,371,0.6899999976158142,735.0,294.0,220.5,3.5,4,0.25,2,12.729999542236328,15.65999984741211
0,372,0.6899999976158142,735.0,294.0,220.5,3.5,5,0.25,2,12.949999809265137,15.989999771118164
0,373,0.6600000262260437,759.5,318.5,220.5,3.5,2,0.25,2,13.050000190734863,15.890000343322754
0,374,0.6600000262260437,759.5,318.5,220.5,3.5,3,0.25,2,12.930000305175781,15.850000381469727
0,375,0.6600000262260437,759.5,318.5,220.5,3.5,4,0.25,2,12.770000457763672,16.219999313354492
0,376,0.6600000262260437,759.5,318.5,220.5,3.5,5,0.25,2,13.0,15.869999885559082
0,377,0.6399999856948853,784.0,343.0,220.5,3.5,2,0.25,2,17.139999389648438,20.469999313354492
0,378,0.6399999856948853,784.0,343.0,220.5,3.5,3,0.25,2,16.84000015258789,20.559999465942383
0,379,0.6399999856948853,784.0,343.0,220.5,3.5,4,0.25,2,17.020000457763672,20.479999542236328
0,380,0.6399999856948853,784.0,343.0,220.5,3.5,5,0.25,2,17.110000610351562,20.43000030517578
0,381,0.6200000047683716,808.5,367.5,220.5,3.5,2,0.25,2,14.34000015258789,15.319999694824219
0,382,0.6200000047683716,808.5,367.5,220.5,3.5,3,0.25,2,14.65999984741211,15.640000343322754
0,383,0.6200000047683716,808.5,367.5,220.5,3.5,4,0.25,2,14.600000381469727,15.140000343322754
0,384,0.6200000047683716,808.5,367.5,220.5,3.5,5,0.25,2,14.600000381469727,15.300000190734863
0,385,0.9800000190734863,514.5,294.0,110.25,7.0,2,0.25,3,28.670000076293945,29.43000030517578
0,386,0.9800000190734863,514.5,294.0,110.25,7.0,3,0.25,3,28.559999465942383,29.780000686645508
0,387,0.9800000190734863,514.5,294.0,110.25,7.0,4,0.25,3,28.170000076293945,30.100000381469727
0,388,0.9800000190734863,514.5,294.0,110.25,7.0,5,0.25,3,28.6299991607666,30.190000534057617
0,389,0.8999999761581421,563.5,318.5,122.5,7.0,2,0.25,3,31.6299991607666,36.349998474121094
0,390,0.8999999761581421,563.5,318.5,122.5,7.0,3,0.25,3,32.400001525878906,35.099998474121094
0,391,0.8999999761581421,563.5,318.5,122.5,7.0,4,0.25,3,32.68000030517578,32.83000183105469
0,392,0.8999999761581421,563.5,318.5,122.5,7.0,5,0.25,3,32.290000915527344,32.459999084472656
0,393,0.8600000143051147,588.0,294.0,147.0,7.0,2,0.25,3,28.399999618530273,33.52000045776367
0,394,0.8600000143051147,588.0,294.0,147.0,7.0,3,0.25,3,29.399999618530273,32.93000030517578
0,395,0.8600000143051147,588.0,294.0,147.0,7.0,4,0.25,3,29.43000030517578,28.3799991607666
0,396,0.8600000143051147,588.0,294.0,147.0,7.0,5,0.25,3,29.06999969482422,29.81999969482422
0,397,0.8199999928474426,612.5,318.5,147.0,7.0,2,0.25,3,24.700000762939453,28.770000457763672
0,398,0.8199999928474426,612.5,318.5,147.0,7.0,3,0.25,3,25.479999542236328,27.760000228881836
0,399,0.8199999928474426,612.5,318.5,147.0,7.0,4,0.25,3,25.3700008392334,26.950000762939453
0,400,0.8199999928474426,612.5,318.5,147.0,7.0,5,0.25,3,25.170000076293945,26.40999984741211
0,401,0.7900000214576721,637.0,343.0,147.0,7.0,2,0.25,3,39.040000915527344,45.130001068115234
0,402,0.7900000214576721,637.0,343.0,147.0,7.0,3,0.25,3,38.349998474121094,43.65999984741211
0,403,0.7900000214576721,637.0,343.0,147.0,7.0,4,0.25,3,39.810001373291016,37.7599983215332
0,404,0.7900000214576721,637.0,343.0,147.0,7.0,5,0.25,3,39.83000183105469,36.869998931884766
0,405,0.7599999904632568,661.5,416.5,122.5,7.0,2,0.25,3,35.9900016784668,36.06999969482422
0,406,0.7599999904632568,661.5,416.5,122.5,7.0,3,0.25,3,36.59000015258789,36.439998626708984
0,407,0.7599999904632568,661.5,416.5,122.5,7.0,4,0.25,3,35.63999938964844,37.279998779296875
0,408,0.7599999904632568,661.5,416.5,122.5,7.0,5,0.25,3,36.52000045776367,37.290000915527344
0,409,0.7400000095367432,686.0,245.0,220.5,3.5,2,0.25,3,11.800000190734863,14.489999771118164
0,410,0.7400000095367432,686.0,245.0,220.5,3.5,3,0.25,3,12.029999732971191,13.789999961853027
0,411,0.7400000095367432,686.0,245.0,220.5,3.5,4,0.25,3,11.979999542236328,14.720000267028809
0,412,0.7400000095367432,686.0,245.0,220.5,3.5,5,0.25,3,11.6899995803833,14.760000228881836
0,413,0.7099999785423279,710.5,269.5,220.5,3.5,2,0.25,3,12.40999984741211,14.920000076293945
0,414,0.7099999785423279,710.5,269.5,220.5,3.5,3,0.25,3,12.279999732971191,14.739999771118164
0,415,0.7099999785423279,710.5,269.5,220.5,3.5,4,0.25,3,12.100000381469727,15.569999694824219
0,416,0.7099999785423279,710.5,269.5,220.5,3.5,5,0.25,3,12.1899995803833,14.9399995803833
0,417,0.6899999976158142,735.0,294.0,220.5,3.5,2,0.25,3,12.34000015258789,14.920000076293945
0,418,0.6899999976158142,735.0,294.0,220.5,3.5,3,0.25,3,12.460000038146973,14.380000114440918
0,419,0.6899999976158142,735.0,294.0,220.5,3.5,4,0.25,3,12.3100004196167,15.4399995803833
0,420,0.6899999976158142,735.0,294.0,220.5,3.5,5,0.25,3,12.119999885559082,15.170000076293945
0,421,0.6600000262260437,759.5,318.5,220.5,3.5,2,0.25,3,12.970000267028809,15.529999732971191
0,422,0.6600000262260437,759.5,318.5,220.5,3.5,3,0.25,3,13.010000228881836,15.800000190734863
0,423,0.6600000262260437,759.5,318.5,220.5,3.5,4,0.25,3,12.739999771118164,16.139999389648438
0,424,0.6600000262260437,759.5,318.5,220.5,3.5,5,0.25,3,12.84000015258789,16.260000228881836
0,425,0.6399999856948853,784.0,343.0,220.5,3.5,2,0.25,3,16.829999923706055,19.8700008392334
0,426,0.6399999856948853,784.0,343.0,220.5,3.5,3,0.25,3,16.93000030517578,20.030000686645508
0,427,0.6399999856948853,784.0,343.0,220.5,3.5,4,0.25,3,16.65999984741211,20.459999084472656
0,428,0.6399999856948853,784.0,343.0,220.5,3.5,5,0.25,3,16.860000610351562,20.280000686645508
0,429,0.6200000047683716,808.5,367.5,220.5,3.5,2,0.25,3,13.90999984741211,14.890000343322754
0,430,0.6200000047683716,808.5,367.5,220.5,3.5,3,0.25,3,14.34000015258789,14.960000038146973
0,431,0.6200000047683716,808.5,367.5,220.5,3.5,4,0.25,3,13.949999809265137,14.890000343322754
0,432,0.6200000047683716,808.5,367.5,220.5,3.5,5,0.25,3,13.989999771118164,14.350000381469727
0,433,0.9800000190734863,514.5,294.0,110.25,7.0,2,0.25,4,28.700000762939453,29.610000610351562
0,434,0.9800000190734863,514.5,294.0,110.25,7.0,3,0.25,4,28.549999237060547,29.59000015258789
0,435,0.9800000190734863,514.5,294.0,110.25,7.0,4,0.25,4,28.149999618530273,30.190000534057617
0,436,0.9800000190734863,514.5,294.0,110.25,7.0,5,0.25,4,28.6200008392334,30.1200008392334
0,437,0.8999999761581421,563.5,318.5,122.5,7.0,2,0.25,4,32.66999816894531,32.119998931884766
0,438,0.8999999761581421,563.5,318.5,122.5,7.0,3,0.25,4,31.690000534057617,37.119998931884766
0,439,0.8999999761581421,563.5,318.5,122.5,7.0,4,0.25,4,32.06999969482422,36.15999984741211
0,440,0.8999999761581421,563.5,318.5,122.5,7.0,5,0.25,4,33.279998779296875,33.15999984741211
0,441,0.8600000143051147,588.0,294.0,147.0,7.0,2,0.25,4,29.469999313354492,29.450000762939453
0,442,0.8600000143051147,588.0,294.0,147.0,7.0,3,0.25,4,28.420000076293945,34.189998626708984
0,443,0.8600000143051147,588.0,294.0,147.0,7.0,4,0.25,4,29.079999923706055,33.93000030517578
0,444,0.8600000143051147,588.0,294.0,147.0,7.0,5,0.25,4,29.8799991607666,28.309999465942383
0,445,0.8199999928474426,612.5,318.5,147.0,7.0,2,0.25,4,25.65999984741211,26.299999237060547
0,446,0.8199999928474426,612.5,318.5,147.0,7.0,3,0.25,4,24.959999084472656,29.43000030517578
0,447,0.8199999928474426,612.5,318.5,147.0,7.0,4,0.25,4,25.43000030517578,28.760000228881836
0,448,0.8199999928474426,612.5,318.5,147.0,7.0,5,0.25,4,26.0,27.34000015258789
0,449,0.7900000214576721,637.0,343.0,147.0,7.0,2,0.25,4,40.0,36.2599983215332
0,450,0.7900000214576721,637.0,343.0,147.0,7.0,3,0.25,4,38.84000015258789,45.47999954223633
0,451,0.7900000214576721,637.0,343.0,147.0,7.0,4,0.25,4,38.33000183105469,44.15999984741211
0,452,0.7900000214576721,637.0,343.0,147.0,7.0,5,0.25,4,40.119998931884766,37.2599983215332
0,453,0.7599999904632568,661.5,416.5,122.5,7.0,2,0.25,4,36.95000076293945,37.20000076293945
0,454,0.7599999904632568,661.5,416.5,122.5,7.0,3,0.25,4,36.45000076293945,36.7599983215332
0,455,0.7599999904632568,661.5,416.5,122.5,7.0,4,0.25,4,36.810001373291016,37.04999923706055
0,456,0.7599999904632568,661.5,416.5,122.5,7.0,5,0.25,4,36.2599983215332,37.5099983215332
0,457,0.7400000095367432,686.0,245.0,220.5,3.5,2,0.25,4,12.319999694824219,14.920000076293945
0,458,0.7400000095367432,686.0,245.0,220.5,3.5,3,0.25,4,12.300000190734863,15.239999771118164
0,459,0.7400000095367432,686.0,245.0,220.5,3.5,4,0.25,4,12.180000305175781,15.029999732971191
0,460,0.7400000095367432,686.0,245.0,220.5,3.5,5,0.25,4,12.430000305175781,15.350000381469727
0,461,0.7099999785423279,710.5,269.5,220.5,3.5,2,0.25,4,12.359999656677246,14.670000076293945
0,462,0.7099999785423279,710.5,269.5,220.5,3.5,3,0.25,4,12.489999771118164,15.09000015258789
0,463,0.7099999785423279,710.5,269.5,220.5,3.5,4,0.25,4,12.170000076293945,15.199999809265137
0,464,0.7099999785423279,710.5,269.5,220.5,3.5,5,0.25,4,12.279999732971191,15.640000343322754
0,465,0.6899999976158142,735.0,294.0,220.5,3.5,2,0.25,4,12.90999984741211,15.369999885559082
0,466,0.6899999976158142,735.0,294.0,220.5,3.5,3,0.25,4,12.949999809265137,15.729999542236328
0,467,0.6899999976158142,735.0,294.0,220.5,3.5,4,0.25,4,12.670000076293945,15.829999923706055
0,468,0.6899999976158142,735.0,294.0,220.5,3.5,5,0.25,4,12.859999656677246,16.1299991607666
0,469,0.6600000262260437,759.5,318.5,220.5,3.5,2,0.25,4,12.949999809265137,15.949999809265137
0,470,0.6600000262260437,759.5,318.5,220.5,3.5,3,0.25,4,13.0,15.59000015258789
0,471,0.6600000262260437,759.5,318.5,220.5,3.5,4,0.25,4,12.859999656677246,16.170000076293945
0,472,0.6600000262260437,759.5,318.5,220.5,3.5,5,0.25,4,12.920000076293945,16.139999389648438
0,473,0.6399999856948853,784.0,343.0,220.5,3.5,2,0.25,4,16.989999771118164,19.649999618530273
0,474,0.6399999856948853,784.0,343.0,220.5,3.5,3,0.25,4,16.690000534057617,19.760000228881836
0,475,0.6399999856948853,784.0,343.0,220.5,3.5,4,0.25,4,16.559999465942383,20.3700008392334
0,476,0.6399999856948853,784.0,343.0,220.5,3.5,5,0.25,4,16.6200008392334,19.899999618530273
0,477,0.6200000047683716,808.5,367.5,220.5,3.5,2,0.25,4,14.329999923706055,15.40999984741211
0,478,0.6200000047683716,808.5,367.5,220.5,3.5,3,0.25,4,14.609999656677246,15.5600004196167
0,479,0.6200000047683716,808.5,367.5,220.5,3.5,4,0.25,4,14.609999656677246,15.069999694824219
0,480,0.6200000047683716,808.5,367.5,220.5,3.5,5,0.25,4,14.649999618530273,15.380000114440918
0,481,0.9800000190734863,514.5,294.0,110.25,7.0,2,0.25,5,28.690000534057617,29.530000686645508
0,482,0.9800000190734863,514.5,294.0,110.25,7.0,3,0.25,5,28.579999923706055,29.770000457763672
0,483,0.9800000190734863,514.5,294.0,110.25,7.0,4,0.25,5,28.149999618530273,30.0
0,484,0.9800000190734863,514.5,294.0,110.25,7.0,5,0.25,5,28.610000610351562,30.200000762939453
0,485,0.8999999761581421,563.5,318.5,122.5,7.0,2,0.25,5,33.130001068115234,32.25
0,486,0.8999999761581421,563.5,318.5,122.5,7.0,3,0.25,5,32.310001373291016,32.0
0,487,0.8999999761581421,563.5,318.5,122.5,7.0,4,0.25,5,31.530000686645508,37.189998626708984
0,488,0.8999999761581421,563.5,318.5,122.5,7.0,5,0.25,5,32.459999084472656,35.619998931884766
0,489,0.8600000143051147,588.0,294.0,147.0,7.0,2,0.25,5,29.709999084472656,28.020000457763672
0,490,0.8600000143051147,588.0,294.0,147.0,7.0,3,0.25,5,29.09000015258789,29.43000030517578
0,491,0.8600000143051147,588.0,294.0,147.0,7.0,4,0.25,5,28.309999465942383,34.150001525878906
0,492,0.8600000143051147,588.0,294.0,147.0,7.0,5,0.25,5,29.389999389648438,33.470001220703125
0,493,0.8199999928474426,612.5,318.5,147.0,7.0,2,0.25,5,25.700000762939453,26.530000686645508
0,494,0.8199999928474426,612.5,318.5,147.0,7.0,3,0.25,5,25.170000076293945,26.079999923706055
0,495,0.8199999928474426,612.5,318.5,147.0,7.0,4,0.25,5,24.600000381469727,29.309999465942383
0,496,0.8199999928474426,612.5,318.5,147.0,7.0,5,0.25,5,25.489999771118164,28.139999389648438
0,497,0.7900000214576721,637.0,343.0,147.0,7.0,2,0.25,5,39.88999938964844,37.540000915527344
0,498,0.7900000214576721,637.0,343.0,147.0,7.0,3,0.25,5,39.83000183105469,36.65999984741211
0,499,0.7900000214576721,637.0,343.0,147.0,7.0,4,0.25,5,39.0099983215332,45.279998779296875
0,500,0.7900000214576721,637.0,343.0,147.0,7.0,5,0.25,5,38.650001525878906,43.72999954223633
0,501,0.7599999904632568,661.5,416.5,122.5,7.0,2,0.25,5,35.689998626708984,36.93000030517578
0,502,0.7599999904632568,661.5,416.5,122.5,7.0,3,0.25,5,36.63999938964844,37.0099983215332
0,503,0.7599999904632568,661.5,416.5,122.5,7.0,4,0.25,5,36.060001373291016,35.72999954223633
0,504,0.7599999904632568,661.5,416.5,122.5,7.0,5,0.25,5,36.70000076293945,36.150001525878906
0,505,0.7400000095367432,686.0,245.0,220.5,3.5,2,0.25,5,12.119999885559082,14.479999542236328
0,506,0.7400000095367432,686.0,245.0,220.5,3.5,3,0.25,5,11.670000076293945,14.579999923706055
0,507,0.7400000095367432,686.0,245.0,220.5,3.5,4,0.25,5,11.640000343322754,14.8100004196167
0,508,0.7400000095367432,686.0,245.0,220.5,3.5,5,0.25,5,12.020000457763672,14.029999732971191
0,509,0.7099999785423279,710.5,269.5,220.5,3.5,2,0.25,5,12.270000457763672,15.270000457763672
0,510,0.7099999785423279,710.5,269.5,220.5,3.5,3,0.25,5,12.1899995803833,14.710000038146973
0,511,0.7099999785423279,710.5,269.5,220.5,3.5,4,0.25,5,12.25,15.229999542236328
0,512,0.7099999785423279,710.5,269.5,220.5,3.5,5,0.25,5,12.270000457763672,14.970000267028809
0,513,0.6899999976158142,735.0,294.0,220.5,3.5,2,0.25,5,12.470000267028809,15.140000343322754
0,514,0.6899999976158142,735.0,294.0,220.5,3.5,3,0.25,5,12.119999885559082,14.970000267028809
0,515,0.6899999976158142,735.0,294.0,220.5,3.5,4,0.25,5,12.180000305175781,15.220000267028809
0,516,0.6899999976158142,735.0,294.0,220.5,3.5,5,0.25,5,12.470000267028809,14.600000381469727
0,517,0.6600000262260437,759.5,318.5,220.5,3.5,2,0.25,5,12.930000305175781,15.829999923706055
0,518,0.6600000262260437,759.5,318.5,220.5,3.5,3,0.25,5,12.819999694824219,16.030000686645508
0,519,0.6600000262260437,759.5,318.5,220.5,3.5,4,0.25,5,12.779999732971191,15.800000190734863
0,520,0.6600000262260437,759.5,318.5,220.5,3.5,5,0.25,5,13.020000457763672,16.059999465942383
0,521,0.6399999856948853,784.0,343.0,220.5,3.5,2,0.25,5,16.729999542236328,20.1299991607666
0,522,0.6399999856948853,784.0,343.0,220.5,3.5,3,0.25,5,16.860000610351562,20.010000228881836
0,523,0.6399999856948853,784.0,343.0,220.5,3.5,4,0.25,5,16.760000228881836,20.190000534057617
0,524,0.6399999856948853,784.0,343.0,220.5,3.5,5,0.25,5,16.920000076293945,20.290000915527344
0,525,0.6200000047683716,808.5,367.5,220.5,3.5,2,0.25,5,13.680000305175781,15.1899995803833
0,526,0.6200000047683716,808.5,367.5,220.5,3.5,3,0.25,5,13.989999771118164,14.609999656677246
0,527,0.6200000047683716,808.5,367.5,220.5,3.5,4,0.25,5,14.15999984741211,14.609999656677246
0,528,0.6200000047683716,808.5,367.5,220.5,3.5,5,0.25,5,13.859999656677246,14.75
0,529,0.9800000190734863,514.5,294.0,110.25,7.0,2,0.4000000059604645,1,32.2599983215332,33.369998931884766
0,530,0.9800000190734863,514.5,294.0,110.25,7.0,3,0.4000000059604645,1,32.2599983215332,33.34000015258789
0,531,0.9800000190734863,514.5,294.0,110.25,7.0,4,0.4000000059604645,1,32.4900016784668,32.83000183105469
0,532,0.9800000190734863,514.5,294.0,110.25,7.0,5,0.4000000059604645,1,32.529998779296875,33.040000915527344
0,533,0.8999999761581421,563.5,318.5,122.5,7.0,2,0.4000000059604645,1,36.470001220703125,39.279998779296875
0,534,0.8999999761581421,563.5,318.5,122.5,7.0,3,0.4000000059604645,1,37.2400016784668,36.380001068115234
0,535,0.8999999761581421,563.5,318.5,122.5,7.0,4,0.4000000059604645,1,36.65999984741211,35.91999816894531
0,536,0.8999999761581421,563.5,318.5,122.5,7.0,5,0.4000000059604645,1,35.959999084472656,40.9900016784668
0,537,0.8600000143051147,588.0,294.0,147.0,7.0,2,0.4000000059604645,1,31.889999389648438,35.9900016784668
0,538,0.8600000143051147,588.0,294.0,147.0,7.0,3,0.4000000059604645,1,32.38999938964844,30.65999984741211
0,539,0.8600000143051147,588.0,294.0,147.0,7.0,4,0.4000000059604645,1,32.09000015258789,31.700000762939453
0,540,0.8600000143051147,588.0,294.0,147.0,7.0,5,0.4000000059604645,1,31.290000915527344,36.72999954223633
0,541,0.8199999928474426,612.5,318.5,147.0,7.0,2,0.4000000059604645,1,29.219999313354492,31.709999084472656
0,542,0.8199999928474426,612.5,318.5,147.0,7.0,3,0.4000000059604645,1,29.90999984741211,29.1299991607666
0,543,0.8199999928474426,612.5,318.5,147.0,7.0,4,0.4000000059604645,1,29.530000686645508,28.989999771118164
0,544,0.8199999928474426,612.5,318.5,147.0,7.0,5,0.4000000059604645,1,28.649999618530273,33.540000915527344
0,545,0.7900000214576721,637.0,343.0,147.0,7.0,2,0.4000000059604645,1,41.400001525878906,45.290000915527344
0,546,0.7900000214576721,637.0,343.0,147.0,7.0,3,0.4000000059604645,1,42.619998931884766,39.06999969482422
0,547,0.7900000214576721,637.0,343.0,147.0,7.0,4,0.4000000059604645,1,42.5,38.349998474121094
0,548,0.7900000214576721,637.0,343.0,147.0,7.0,5,0.4000000059604645,1,41.66999816894531,46.939998626708984
0,549,0.7599999904632568,661.5,416.5,122.5,7.0,2,0.4000000059604645,1,40.779998779296875,39.54999923706055
0,550,0.7599999904632568,661.5,416.5,122.5,7.0,3,0.4000000059604645,1,39.970001220703125,40.849998474121094
0,551,0.7599999904632568,661.5,416.5,122.5,7.0,4,0.4000000059604645,1,40.709999084472656,40.630001068115234
0,552,0.7599999904632568,661.5,416.5,122.5,7.0,5,0.4000000059604645,1,40.43000030517578,39.47999954223633
0,553,0.7400000095367432,686.0,245.0,220.5,3.5,2,0.4000000059604645,1,14.520000457763672,16.940000534057617
0,554,0.7400000095367432,686.0,245.0,220.5,3.5,3,0.4000000059604645,1,14.609999656677246,17.25
0,555,0.7400000095367432,686.0,245.0,220.5,3.5,4,0.4000000059604645,1,14.5,17.030000686645508
0,556,0.7400000095367432,686.0,245.0,220.5,3.5,5,0.4000000059604645,1,14.550000190734863,17.25
0,557,0.7099999785423279,710.5,269.5,220.5,3.5,2,0.4000000059604645,1,14.510000228881836,17.100000381469727
0,558,0.7099999785423279,710.5,269.5,220.5,3.5,3,0.4000000059604645,1,14.600000381469727,17.510000228881836
0,559,0.7099999785423279,710.5,269.5,220.5,3.5,4,0.4000000059604645,1,14.5,17.1200008392334
0,560,0.7099999785423279,710.5,269.5,220.5,3.5,5,0.4000000059604645,1,14.579999923706055,17.469999313354492
0,561,0.6899999976158142,735.0,294.0,220.5,3.5,2,0.4000000059604645,1,14.510000228881836,16.5
0,562,0.6899999976158142,735.0,294.0,220.5,3.5,3,0.4000000059604645,1,14.699999809265137,17.0
0,563,0.6899999976158142,735.0,294.0,220.5,3.5,4,0.4000000059604645,1,14.420000076293945,16.8700008392334
0,564,0.6899999976158142,735.0,294.0,220.5,3.5,5,0.4000000059604645,1,14.420000076293945,17.200000762939453
0,565,0.6600000262260437,759.5,318.5,220.5,3.5,2,0.4000000059604645,1,15.229999542236328,18.139999389648438
0,566,0.6600000262260437,759.5,318.5,220.5,3.5,3,0.4000000059604645,1,15.229999542236328,18.030000686645508
0,567,0.6600000262260437,759.5,318.5,220.5,3.5,4,0.4000000059604645,1,15.229999542236328,18.139999389648438
0,568,0.6600000262260437,759.5,318.5,220.5,3.5,5,0.4000000059604645,1,15.229999542236328,17.950000762939453
0,569,0.6399999856948853,784.0,343.0,220.5,3.5,2,0.4000000059604645,1,19.520000457763672,22.719999313354492
0,570,0.6399999856948853,784.0,343.0,220.5,3.5,3,0.4000000059604645,1,19.360000610351562,22.729999542236328
0,571,0.6399999856948853,784.0,343.0,220.5,3.5,4,0.4000000059604645,1,19.479999542236328,22.719999313354492
0,572,0.6399999856948853,784.0,343.0,220.5,3.5,5,0.4000000059604645,1,19.420000076293945,22.530000686645508
0,573,0.6200000047683716,808.5,367.5,220.5,3.5,2,0.4000000059604645,1,15.09000015258789,17.200000762939453
0,574,0.6200000047683716,808.5,367.5,220.5,3.5,3,0.4000000059604645,1,17.170000076293945,17.209999084472656
0,575,0.6200000047683716,808.5,367.5,220.5,3.5,4,0.4000000059604645,1,17.139999389648438,17.149999618530273
0,576,0.6200000047683716,808.5,367.5,220.5,3.5,5,0.4000000059604645,1,17.139999389648438,17.200000762939453
0,577,0.9800000190734863,514.5,294.0,110.25,7.0,2,0.4000000059604645,2,32.81999969482422,32.959999084472656
0,578,0.9800000190734863,514.5,294.0,110.25,7.0,3,0.4000000059604645,2,32.709999084472656,33.130001068115234
0,579,0.9800000190734863,514.5,294.0,110.25,7.0,4,0.4000000059604645,2,32.2400016784668,33.939998626708984
0,580,0.9800000190734863,514.5,294.0,110.25,7.0,5,0.4000000059604645,2,32.720001220703125,33.779998779296875
0,581,0.8999999761581421,563.5,318.5,122.5,7.0,2,0.4000000059604645,2,35.84000015258789,38.349998474121094
0,582,0.8999999761581421,563.5,318.5,122.5,7.0,3,0.4000000059604645,2,36.56999969482422,35.38999938964844
0,583,0.8999999761581421,563.5,318.5,122.5,7.0,4,0.4000000059604645,2,36.060001373291016,34.939998626708984
0,584,0.8999999761581421,563.5,318.5,122.5,7.0,5,0.4000000059604645,2,35.689998626708984,40.65999984741211
0,585,0.8600000143051147,588.0,294.0,147.0,7.0,2,0.4000000059604645,2,32.47999954223633,35.47999954223633
0,586,0.8600000143051147,588.0,294.0,147.0,7.0,3,0.4000000059604645,2,32.7400016784668,30.530000686645508
0,587,0.8600000143051147,588.0,294.0,147.0,7.0,4,0.4000000059604645,2,32.130001068115234,32.279998779296875
0,588,0.8600000143051147,588.0,294.0,147.0,7.0,5,0.4000000059604645,2,31.639999389648438,36.86000061035156
0,589,0.8199999928474426,612.5,318.5,147.0,7.0,2,0.4000000059604645,2,28.950000762939453,30.34000015258789
0,590,0.8199999928474426,612.5,318.5,147.0,7.0,3,0.4000000059604645,2,29.489999771118164,27.93000030517578
0,591,0.8199999928474426,612.5,318.5,147.0,7.0,4,0.4000000059604645,2,28.639999389648438,28.950000762939453
0,592,0.8199999928474426,612.5,318.5,147.0,7.0,5,0.4000000059604645,2,28.010000228881836,32.91999816894531
0,593,0.7900000214576721,637.0,343.0,147.0,7.0,2,0.4000000059604645,2,41.63999938964844,45.59000015258789
0,594,0.7900000214576721,637.0,343.0,147.0,7.0,3,0.4000000059604645,2,43.099998474121094,39.40999984741211
0,595,0.7900000214576721,637.0,343.0,147.0,7.0,4,0.4000000059604645,2,42.7400016784668,38.84000015258789
0,596,0.7900000214576721,637.0,343.0,147.0,7.0,5,0.4000000059604645,2,41.91999816894531,48.029998779296875
0,597,0.7599999904632568,661.5,416.5,122.5,7.0,2,0.4000000059604645,2,40.779998779296875,39.47999954223633
0,598,0.7599999904632568,661.5,416.5,122.5,7.0,3,0.4000000059604645,2,40.150001525878906,40.400001525878906
0,599,0.7599999904632568,661.5,416.5,122.5,7.0,4,0.4000000059604645,2,40.56999969482422,40.470001220703125
0,600,0.7599999904632568,661.5,416.5,122.5,7.0,5,0.4000000059604645,2,40.41999816894531,39.70000076293945
0,601,0.7400000095367432,686.0,245.0,220.5,3.5,2,0.4000000059604645,2,14.539999961853027,16.43000030517578
0,602,0.7400000095367432,686.0,245.0,220.5,3.5,3,0.4000000059604645,2,14.449999809265137,16.93000030517578
0,603,0.7400000095367432,686.0,245.0,220.5,3.5,4,0.4000000059604645,2,14.180000305175781,16.989999771118164
0,604,0.7400000095367432,686.0,245.0,220.5,3.5,5,0.4000000059604645,2,14.5,17.030000686645508
0,605,0.7099999785423279,710.5,269.5,220.5,3.5,2,0.4000000059604645,2,14.699999809265137,16.770000457763672
0,606,0.7099999785423279,710.5,269.5,220.5,3.5,3,0.4000000059604645,2,14.65999984741211,17.3700008392334
0,607,0.7099999785423279,710.5,269.5,220.5,3.5,4,0.4000000059604645,2,14.399999618530273,17.270000457763672
0,608,0.7099999785423279,710.5,269.5,220.5,3.5,5,0.4000000059604645,2,14.710000038146973,17.510000228881836
0,609,0.6899999976158142,735.0,294.0,220.5,3.5,2,0.4000000059604645,2,14.75,16.440000534057617
0,610,0.6899999976158142,735.0,294.0,220.5,3.5,3,0.4000000059604645,2,14.710000038146973,17.010000228881836
0,611,0.6899999976158142,735.0,294.0,220.5,3.5,4,0.4000000059604645,2,14.329999923706055,17.229999542236328
0,612,0.6899999976158142,735.0,294.0,220.5,3.5,5,0.4000000059604645,2,14.619999885559082,17.219999313354492
0,613,0.6600000262260437,759.5,318.5,220.5,3.5,2,0.4000000059604645,2,15.34000015258789,17.850000381469727
0,614,0.6600000262260437,759.5,318.5,220.5,3.5,3,0.4000000059604645,2,15.289999961853027,17.889999389648438
0,615,0.6600000262260437,759.5,318.5,220.5,3.5,4,0.4000000059604645,2,15.09000015258789,18.360000610351562
0,616,0.6600000262260437,759.5,318.5,220.5,3.5,5,0.4000000059604645,2,15.300000190734863,18.149999618530273
0,617,0.6399999856948853,784.0,343.0,220.5,3.5,2,0.4000000059604645,2,19.200000762939453,21.719999313354492
0,618,0.6399999856948853,784.0,343.0,220.5,3.5,3,0.4000000059604645,2,18.8799991607666,22.06999969482422
0,619,0.6399999856948853,784.0,343.0,220.5,3.5,4,0.4000000059604645,2,18.899999618530273,22.09000015258789
0,620,0.6399999856948853,784.0,343.0,220.5,3.5,5,0.4000000059604645,2,19.1200008392334,21.93000030517578
0,621,0.6200000047683716,808.5,367.5,220.5,3.5,2,0.4000000059604645,2,16.760000228881836,17.360000610351562
0,622,0.6200000047683716,808.5,367.5,220.5,3.5,3,0.4000000059604645,2,17.229999542236328,17.3799991607666
0,623,0.6200000047683716,808.5,367.5,220.5,3.5,4,0.4000000059604645,2,17.260000228881836,16.860000610351562
0,624,0.6200000047683716,808.5,367.5,220.5,3.5,5,0.4000000059604645,2,17.149999618530273,16.989999771118164
0,625,0.9800000190734863,514.5,294.0,110.25,7.0,2,0.4000000059604645,3,32.81999969482422,32.779998779296875
0,626,0.9800000190734863,514.5,294.0,110.25,7.0,3,0.4000000059604645,3,32.689998626708984,33.2400016784668
0,627,0.9800000190734863,514.5,294.0,110.25,7.0,4,0.4000000059604645,3,32.22999954223633,33.86000061035156
0,628,0.9800000190734863,514.5,294.0,110.25,7.0,5,0.4000000059604645,3,32.75,34.0
0,629,0.8999999761581421,563.5,318.5,122.5,7.0,2,0.4000000059604645,3,34.2400016784668,37.2599983215332
0,630,0.8999999761581421,563.5,318.5,122.5,7.0,3,0.4000000059604645,3,34.95000076293945,35.040000915527344
0,631,0.8999999761581421,563.5,318.5,122.5,7.0,4,0.4000000059604645,3,35.04999923706055,33.81999969482422
0,632,0.8999999761581421,563.5,318.5,122.5,7.0,5,0.4000000059604645,3,34.290000915527344,33.310001373291016
0,633,0.8600000143051147,588.0,294.0,147.0,7.0,2,0.4000000059604645,3,31.280000686645508,35.220001220703125
0,634,0.8600000143051147,588.0,294.0,147.0,7.0,3,0.4000000059604645,3,32.119998931884766,34.70000076293945
0,635,0.8600000143051147,588.0,294.0,147.0,7.0,4,0.4000000059604645,3,32.04999923706055,30.110000610351562
0,636,0.8600000143051147,588.0,294.0,147.0,7.0,5,0.4000000059604645,3,31.84000015258789,31.600000381469727
0,637,0.8199999928474426,612.5,318.5,147.0,7.0,2,0.4000000059604645,3,28.670000076293945,32.43000030517578
0,638,0.8199999928474426,612.5,318.5,147.0,7.0,3,0.4000000059604645,3,29.670000076293945,30.649999618530273
0,639,0.8199999928474426,612.5,318.5,147.0,7.0,4,0.4000000059604645,3,29.469999313354492,29.770000457763672
0,640,0.8199999928474426,612.5,318.5,147.0,7.0,5,0.4000000059604645,3,28.90999984741211,29.639999389648438
0,641,0.7900000214576721,637.0,343.0,147.0,7.0,2,0.4000000059604645,3,41.2599983215332,46.439998626708984
0,642,0.7900000214576721,637.0,343.0,147.0,7.0,3,0.4000000059604645,3,41.29999923706055,44.18000030517578
0,643,0.7900000214576721,637.0,343.0,147.0,7.0,4,0.4000000059604645,3,42.4900016784668,38.810001373291016
0,644,0.7900000214576721,637.0,343.0,147.0,7.0,5,0.4000000059604645,3,42.08000183105469,38.22999954223633
0,645,0.7599999904632568,661.5,416.5,122.5,7.0,2,0.4000000059604645,3,39.31999969482422,38.16999816894531
0,646,0.7599999904632568,661.5,416.5,122.5,7.0,3,0.4000000059604645,3,39.84000015258789,38.47999954223633
0,647,0.7599999904632568,661.5,416.5,122.5,7.0,4,0.4000000059604645,3,38.88999938964844,39.65999984741211
0,648,0.7599999904632568,661.5,416.5,122.5,7.0,5,0.4000000059604645,3,39.68000030517578,40.099998474121094
0,649,0.7400000095367432,686.0,245.0,220.5,3.5,2,0.4000000059604645,3,13.970000267028809,16.079999923706055
0,650,0.7400000095367432,686.0,245.0,220.5,3.5,3,0.4000000059604645,3,14.220000267028809,15.390000343322754
0,651,0.7400000095367432,686.0,245.0,220.5,3.5,4,0.4000000059604645,3,14.100000381469727,16.56999969482422
0,652,0.7400000095367432,686.0,245.0,220.5,3.5,5,0.4000000059604645,3,13.779999732971191,16.600000381469727
0,653,0.7099999785423279,710.5,269.5,220.5,3.5,2,0.4000000059604645,3,14.069999694824219,16.110000610351562
0,654,0.7099999785423279,710.5,269.5,220.5,3.5,3,0.4000000059604645,3,14.029999732971191,15.470000267028809
0,655,0.7099999785423279,710.5,269.5,220.5,3.5,4,0.4000000059604645,3,13.9399995803833,16.700000762939453
0,656,0.7099999785423279,710.5,269.5,220.5,3.5,5,0.4000000059604645,3,13.859999656677246,16.100000381469727
0,657,0.6899999976158142,735.0,294.0,220.5,3.5,2,0.4000000059604645,3,14.319999694824219,16.350000381469727
0,658,0.6899999976158142,735.0,294.0,220.5,3.5,3,0.4000000059604645,3,14.5600004196167,15.84000015258789
0,659,0.6899999976158142,735.0,294.0,220.5,3.5,4,0.4000000059604645,3,14.329999923706055,16.989999771118164
0,660,0.6899999976158142,735.0,294.0,220.5,3.5,5,0.4000000059604645,3,14.079999923706055,17.020000457763672
0,661,0.6600000262260437,759.5,318.5,220.5,3.5,2,0.4000000059604645,3,15.15999984741211,17.040000915527344
0,662,0.6600000262260437,759.5,318.5,220.5,3.5,3,0.4000000059604645,3,15.180000305175781,17.6299991607666
0,663,0.6600000262260437,759.5,318.5,220.5,3.5,4,0.4000000059604645,3,14.720000267028809,18.100000381469727
0,664,0.6600000262260437,759.5,318.5,220.5,3.5,5,0.4000000059604645,3,14.899999618530273,18.219999313354492
0,665,0.6399999856948853,784.0,343.0,220.5,3.5,2,0.4000000059604645,3,18.479999542236328,20.780000686645508
0,666,0.6399999856948853,784.0,343.0,220.5,3.5,3,0.4000000059604645,3,18.709999084472656,20.719999313354492
0,667,0.6399999856948853,784.0,343.0,220.5,3.5,4,0.4000000059604645,3,18.479999542236328,21.540000915527344
0,668,0.6399999856948853,784.0,343.0,220.5,3.5,5,0.4000000059604645,3,18.459999084472656,21.530000686645508
0,669,0.6200000047683716,808.5,367.5,220.5,3.5,2,0.4000000059604645,3,16.469999313354492,16.899999618530273
0,670,0.6200000047683716,808.5,367.5,220.5,3.5,3,0.4000000059604645,3,16.350000381469727,17.139999389648438
0,671,0.6200000047683716,808.5,367.5,220.5,3.5,4,0.4000000059604645,3,16.549999237060547,16.559999465942383
0,672,0.6200000047683716,808.5,367.5,220.5,3.5,5,0.4000000059604645,3,16.739999771118164,16.0
0,673,0.9800000190734863,514.5,294.0,110.25,7.0,2,0.4000000059604645,4,32.849998474121094,32.95000076293945
0,674,0.9800000190734863,514.5,294.0,110.25,7.0,3,0.4000000059604645,4,32.66999816894531,33.060001373291016
0,675,0.9800000190734863,514.5,294.0,110.25,7.0,4,0.4000000059604645,4,32.209999084472656,33.95000076293945
0,676,0.9800000190734863,514.5,294.0,110.25,7.0,5,0.4000000059604645,4,32.7400016784668,33.880001068115234
0,677,0.8999999761581421,563.5,318.5,122.5,7.0,2,0.4000000059604645,4,36.45000076293945,33.97999954223633
0,678,0.8999999761581421,563.5,318.5,122.5,7.0,3,0.4000000059604645,4,35.72999954223633,39.91999816894531
0,679,0.8999999761581421,563.5,318.5,122.5,7.0,4,0.4000000059604645,4,35.400001525878906,39.220001220703125
0,680,0.8999999761581421,563.5,318.5,122.5,7.0,5,0.4000000059604645,4,36.56999969482422,36.099998474121094
0,681,0.8600000143051147,588.0,294.0,147.0,7.0,2,0.4000000059604645,4,32.380001068115234,31.530000686645508
0,682,0.8600000143051147,588.0,294.0,147.0,7.0,3,0.4000000059604645,4,31.65999984741211,36.20000076293945
0,683,0.8600000143051147,588.0,294.0,147.0,7.0,4,0.4000000059604645,4,32.150001525878906,36.209999084472656
0,684,0.8600000143051147,588.0,294.0,147.0,7.0,5,0.4000000059604645,4,32.75,31.0
0,685,0.8199999928474426,612.5,318.5,147.0,7.0,2,0.4000000059604645,4,28.93000030517578,28.200000762939453
0,686,0.8199999928474426,612.5,318.5,147.0,7.0,3,0.4000000059604645,4,28.049999237060547,32.349998474121094
0,687,0.8199999928474426,612.5,318.5,147.0,7.0,4,0.4000000059604645,4,28.639999389648438,31.139999389648438
0,688,0.8199999928474426,612.5,318.5,147.0,7.0,5,0.4000000059604645,4,29.520000457763672,28.43000030517578
0,689,0.7900000214576721,637.0,343.0,147.0,7.0,2,0.4000000059604645,4,42.77000045776367,38.33000183105469
0,690,0.7900000214576721,637.0,343.0,147.0,7.0,3,0.4000000059604645,4,41.72999954223633,47.59000015258789
0,691,0.7900000214576721,637.0,343.0,147.0,7.0,4,0.4000000059604645,4,41.31999969482422,46.22999954223633
0,692,0.7900000214576721,637.0,343.0,147.0,7.0,5,0.4000000059604645,4,42.959999084472656,39.560001373291016
0,693,0.7599999904632568,661.5,416.5,122.5,7.0,2,0.4000000059604645,4,40.68000030517578,40.36000061035156
0,694,0.7599999904632568,661.5,416.5,122.5,7.0,3,0.4000000059604645,4,40.400001525878906,39.66999816894531
0,695,0.7599999904632568,661.5,416.5,122.5,7.0,4,0.4000000059604645,4,40.599998474121094,39.849998474121094
0,696,0.7599999904632568,661.5,416.5,122.5,7.0,5,0.4000000059604645,4,40.11000061035156,40.77000045776367
0,697,0.7400000095367432,686.0,245.0,220.5,3.5,2,0.4000000059604645,4,14.369999885559082,16.610000610351562
0,698,0.7400000095367432,686.0,245.0,220.5,3.5,3,0.4000000059604645,4,14.479999542236328,16.739999771118164
0,699,0.7400000095367432,686.0,245.0,220.5,3.5,4,0.4000000059604645,4,14.319999694824219,16.899999618530273
0,700,0.7400000095367432,686.0,245.0,220.5,3.5,5,0.4000000059604645,4,14.4399995803833,17.31999969482422
0,701,0.7099999785423279,710.5,269.5,220.5,3.5,2,0.4000000059604645,4,14.600000381469727,16.850000381469727
0,702,0.7099999785423279,710.5,269.5,220.5,3.5,3,0.4000000059604645,4,14.699999809265137,17.200000762939453
0,703,0.7099999785423279,710.5,269.5,220.5,3.5,4,0.4000000059604645,4,14.470000267028809,17.229999542236328
0,704,0.7099999785423279,710.5,269.5,220.5,3.5,5,0.4000000059604645,4,14.65999984741211,17.739999771118164
0,705,0.6899999976158142,735.0,294.0,220.5,3.5,2,0.4000000059604645,4,14.539999961853027,16.809999465942383
0,706,0.6899999976158142,735.0,294.0,220.5,3.5,3,0.4000000059604645,4,14.619999885559082,16.8799991607666
0,707,0.6899999976158142,735.0,294.0,220.5,3.5,4,0.4000000059604645,4,14.529999732971191,16.899999618530273
0,708,0.6899999976158142,735.0,294.0,220.5,3.5,5,0.4000000059604645,4,14.710000038146973,17.389999389648438
0,709,0.6600000262260437,759.5,318.5,220.5,3.5,2,0.4000000059604645,4,15.34000015258789,17.860000610351562
0,710,0.6600000262260437,759.5,318.5,220.5,3.5,3,0.4000000059604645,4,15.289999961853027,17.81999969482422
0,711,0.6600000262260437,759.5,318.5,220.5,3.5,4,0.4000000059604645,4,15.09000015258789,18.360000610351562
0,712,0.6600000262260437,759.5,318.5,220.5,3.5,5,0.4000000059604645,4,15.300000190734863,18.239999771118164
0,713,0.6399999856948853,784.0,343.0,220.5,3.5,2,0.4000000059604645,4,19.059999465942383,21.68000030517578
0,714,0.6399999856948853,784.0,343.0,220.5,3.5,3,0.4000000059604645,4,19.1299991607666,21.540000915527344
0,715,0.6399999856948853,784.0,343.0,220.5,3.5,4,0.4000000059604645,4,19.0,22.25
0,716,0.6399999856948853,784.0,343.0,220.5,3.5,5,0.4000000059604645,4,18.84000015258789,22.489999771118164
0,717,0.6200000047683716,808.5,367.5,220.5,3.5,2,0.4000000059604645,4,16.440000534057617,17.100000381469727
0,718,0.6200000047683716,808.5,367.5,220.5,3.5,3,0.4000000059604645,4,16.899999618530273,16.790000915527344
0,719,0.6200000047683716,808.5,367.5,220.5,3.5,4,0.4000000059604645,4,16.940000534057617,16.579999923706055
0,720,0.6200000047683716,808.5,367.5,220.5,3.5,5,0.4000000059604645,4,16.770000457763672,16.790000915527344
0,721,0.9800000190734863,514.5,294.0,110.25,7.0,2,0.4000000059604645,5,32.84000015258789,32.880001068115234
0,722,0.9800000190734863,514.5,294.0,110.25,7.0,3,0.4000000059604645,5,32.720001220703125,33.22999954223633
0,723,0.9800000190734863,514.5,294.0,110.25,7.0,4,0.4000000059604645,5,32.209999084472656,33.7599983215332
0,724,0.9800000190734863,514.5,294.0,110.25,7.0,5,0.4000000059604645,5,32.72999954223633,34.0099983215332
0,725,0.8999999761581421,563.5,318.5,122.5,7.0,2,0.4000000059604645,5,35.66999816894531,33.939998626708984
0,726,0.8999999761581421,563.5,318.5,122.5,7.0,3,0.4000000059604645,5,35.0099983215332,33.13999938964844
0,727,0.8999999761581421,563.5,318.5,122.5,7.0,4,0.4000000059604645,5,34.720001220703125,38.790000915527344
0,728,0.8999999761581421,563.5,318.5,122.5,7.0,5,0.4000000059604645,5,35.2400016784668,37.27000045776367
0,729,0.8600000143051147,588.0,294.0,147.0,7.0,2,0.4000000059604645,5,32.310001373291016,29.690000534057617
0,730,0.8600000143051147,588.0,294.0,147.0,7.0,3,0.4000000059604645,5,31.809999465942383,31.200000762939453
0,731,0.8600000143051147,588.0,294.0,147.0,7.0,4,0.4000000059604645,5,31.1200008392334,36.2599983215332
0,732,0.8600000143051147,588.0,294.0,147.0,7.0,5,0.4000000059604645,5,32.060001373291016,35.709999084472656
0,733,0.8199999928474426,612.5,318.5,147.0,7.0,2,0.4000000059604645,5,30.0,29.93000030517578
0,734,0.8199999928474426,612.5,318.5,147.0,7.0,3,0.4000000059604645,5,29.5,29.559999465942383
0,735,0.8199999928474426,612.5,318.5,147.0,7.0,4,0.4000000059604645,5,29.059999465942383,33.84000015258789
0,736,0.8199999928474426,612.5,318.5,147.0,7.0,5,0.4000000059604645,5,29.920000076293945,32.540000915527344
0,737,0.7900000214576721,637.0,343.0,147.0,7.0,2,0.4000000059604645,5,42.11000061035156,38.560001373291016
0,738,0.7900000214576721,637.0,343.0,147.0,7.0,3,0.4000000059604645,5,41.959999084472656,37.70000076293945
0,739,0.7900000214576721,637.0,343.0,147.0,7.0,4,0.4000000059604645,5,41.09000015258789,47.0099983215332
0,740,0.7900000214576721,637.0,343.0,147.0,7.0,5,0.4000000059604645,5,40.790000915527344,44.869998931884766
0,741,0.7599999904632568,661.5,416.5,122.5,7.0,2,0.4000000059604645,5,38.81999969482422,39.369998931884766
0,742,0.7599999904632568,661.5,416.5,122.5,7.0,3,0.4000000059604645,5,39.720001220703125,39.79999923706055
0,743,0.7599999904632568,661.5,416.5,122.5,7.0,4,0.4000000059604645,5,39.310001373291016,37.790000915527344
0,744,0.7599999904632568,661.5,416.5,122.5,7.0,5,0.4000000059604645,5,39.86000061035156,38.18000030517578
0,745,0.7400000095367432,686.0,245.0,220.5,3.5,2,0.4000000059604645,5,14.40999984741211,16.690000534057617
0,746,0.7400000095367432,686.0,245.0,220.5,3.5,3,0.4000000059604645,5,14.1899995803833,16.6200008392334
0,747,0.7400000095367432,686.0,245.0,220.5,3.5,4,0.4000000059604645,5,14.170000076293945,16.940000534057617
0,748,0.7400000095367432,686.0,245.0,220.5,3.5,5,0.4000000059604645,5,14.390000343322754,16.700000762939453
0,749,0.7099999785423279,710.5,269.5,220.5,3.5,2,0.4000000059604645,5,12.430000305175781,15.59000015258789
0,750,0.7099999785423279,710.5,269.5,220.5,3.5,3,0.4000000059604645,5,12.630000114440918,14.579999923706055
0,751,0.7099999785423279,710.5,269.5,220.5,3.5,4,0.4000000059604645,5,12.760000228881836,15.329999923706055
0,752,0.7099999785423279,710.5,269.5,220.5,3.5,5,0.4000000059604645,5,12.420000076293945,15.3100004196167
0,753,0.6899999976158142,735.0,294.0,220.5,3.5,2,0.4000000059604645,5,14.119999885559082,16.6299991607666
0,754,0.6899999976158142,735.0,294.0,220.5,3.5,3,0.4000000059604645,5,14.279999732971191,15.869999885559082
0,755,0.6899999976158142,735.0,294.0,220.5,3.5,4,0.4000000059604645,5,14.369999885559082,16.540000915527344
0,756,0.6899999976158142,735.0,294.0,220.5,3.5,5,0.4000000059604645,5,14.210000038146973,16.739999771118164
0,757,0.6600000262260437,759.5,318.5,220.5,3.5,2,0.4000000059604645,5,14.960000038146973,17.639999389648438
0,758,0.6600000262260437,759.5,318.5,220.5,3.5,3,0.4000000059604645,5,14.920000076293945,17.790000915527344
0,759,0.6600000262260437,759.5,318.5,220.5,3.5,4,0.4000000059604645,5,14.920000076293945,17.549999237060547
0,760,0.6600000262260437,759.5,318.5,220.5,3.5,5,0.4000000059604645,5,15.15999984741211,18.059999465942383
0,761,0.6399999856948853,784.0,343.0,220.5,3.5,2,0.4000000059604645,5,17.690000534057617,20.81999969482422
0,762,0.6399999856948853,784.0,343.0,220.5,3.5,3,0.4000000059604645,5,18.190000534057617,20.209999084472656
0,763,0.6399999856948853,784.0,343.0,220.5,3.5,4,0.4000000059604645,5,18.15999984741211,20.709999084472656
0,764,0.6399999856948853,784.0,343.0,220.5,3.5,5,0.4000000059604645,5,17.8799991607666,21.399999618530273
0,765,0.6200000047683716,808.5,367.5,220.5,3.5,2,0.4000000059604645,5,16.540000915527344,16.8799991607666
0,766,0.6200000047683716,808.5,367.5,220.5,3.5,3,0.4000000059604645,5,16.440000534057617,17.110000610351562
0,767,0.6200000047683716,808.5,367.5,220.5,3.5,4,0.4000000059604645,5,16.479999542236328,16.610000610351562
0,768,0.6200000047683716,808.5,367.5,220.5,3.5,5,0.4000000059604645,5,16.639999389648438,16.030000686645508
